ID,Pilih Nama Dosen,Mata Kuliah,Petemuan Ke,Tanggal,Keterangan,Lama Perkualiahan ,Materi yang diberikan 
bbec1b99,"Si Made Ngurah Purnaman, S.Ak, M.Ak",Komputer Akuntansi - Kelas C,1,19/03/2025,Online,02.00.00,Materi
8d466d9c,"Taufan Sufatriansa Awal, S.Ak., M.Acc",Manajemen Pemasaran - Kelas C,4,19/03/2025,Offline,02.00.00,Pengambilan keputusan dalam manajemen pemasaran
a5fa401e,"Taufan Sufatriansa Awal, S.Ak., M.Acc",Komputer Akuntansi - Kelas D,4,17/03/2025,Offline,02.00.00,Accurate
d81a8fec,"Vina Olivia Pebrianti, SE. ME",Analisa Laporan Keuangan - Kelas D,4,12/03/2025,Offline,02.00.00,Profitabilitas
e92f88ce,"Dr. Sujono, SE., M.Si.",Metodologi Penelitian - Kelas D-22,3,15/03/2025,Offline,02.00.00,Pondasi metodologi dan jurnal
fd5d418d,"Dr. H. Nasrullah Dali, SE, M.Si, Ak, CA",Sistem Akuntansi Keuangan Daerah - Kelas D,4,12/03/2025,Offline,02.00.00,Gambaran umum sistem akuntansi keuangan daerah
11183155,"Prof. Dr. H. Ishak Awaluddin, SE, M.Si, Ak, CA, Asean CPA, ACPA, CTA, CPA",Manajemen Strategi - Kelas D,4,13/03/2025,Offline,02.00.00,presentasi konsep visi dan misi
ce0f118e,"Dr. Erwin Hadisantoso, SE, M.Si, Ak, CA, ACPA, Asean CPA",Etika Bisnis dan Profesi Akuntan - Kelas D,3,14/03/2025,Offline,02.00.00,Kasus Enron
9f371a82,"Andi Muhammad Fuad Ramadhan Basru, S.E., M.Acc., Ak",Akuntansi Keuangan Lanjutan II - Kelas D,3,18/03/2025,Offline,02.00.00,tugas kertas kerja konsolidasi
d8ddc599,"Vina Olivia Pebrianti, SE. ME",Analisa Laporan Keuangan - Kelas D,3,05/03/2025,Offline,02.00.00,Rasio solvabilitas
e57609c2,"Dr. Sujono, SE., M.Si.",Metodologi Penelitian - Kelas D-22,2,08/03/2025,Offline,02.00.00,Mendownload aplikasi
0f135e42,"Prof. Dr. H. Ishak Awaluddin, SE, M.Si, Ak, CA, Asean CPA, ACPA, CTA, CPA",Manajemen Strategi - Kelas D,3,06/03/2025,Offline,02.00.00,presentasi karakteristik manajemen strategi
1e165d58,"Dr. Sujono, SE., M.Si.",Metodologi Penelitian - Kelas D-22,1,27/02/2025,Offline,02.00.00,Kontrak perkuliahan
a3a9539b,"Vina Olivia Pebrianti, SE. ME",Analisa Laporan Keuangan - Kelas D,2,26/02/2025,Offline,02.00.00,Teknik dan metode analisis laporan keuangan
d73cc652,"Dr. H. Nasrullah Dali, SE, M.Si, Ak, CA",Sistem Akuntansi Keuangan Daerah - Kelas D,3,05/03/2025,Offline,02.00.00,Pelaporan keuangan pemerintah daerah
c3560bf3,"Dr. Tuti Dharmawati, SE, M.Si, Ak, QIA, CA, ACPA, CRMP, CMA",Pengantar Akuntansi II - Kelas C,4,18/03/2025,Offline,02.00.00,Saham
c32947fd,"Prof. Dr. H. Ishak Awaluddin, SE, M.Si, Ak, CA, Asean CPA, ACPA, CTA, CPA",Manajemen Strategi - Kelas D,2,27/02/2025,Offline,02.00.00,pengantar materi
0b5c206e,"Vina Olivia Pebrianti, SE. ME",Analisa Laporan Keuangan - Kelas D,1,19/02/2025,Offline,02.00.00,Kerangka konseptual laporan keuangan
b0a55906,"Syaiah, SE. M.Si",Sistem Pengendalian Manajemen - Kelas D,5,18/03/2025,Online,02.00.00,membuat video pusat pusat pertanggung jawaban pendapatan dan beban
c961a5f9,"Prof. Dr. H. Ishak Awaluddin, SE, M.Si, Ak, CA, Asean CPA, ACPA, CTA, CPA",Manajemen Strategi - Kelas D,1,20/02/2025,Offline,02.00.00,pengantar materi
fcc07ee3,"Dr. Erwin Hadisantoso, SE, M.Si, Ak, CA, ACPA, Asean CPA",Etika Bisnis dan Profesi Akuntan - Kelas D,2,28/02/2025,Offline,02.00.00,Etika bisnis dan Profesi
3dc16b55,"Dr. Erwin Hadisantoso, SE, M.Si, Ak, CA, ACPA, Asean CPA",Etika Bisnis dan Profesi Akuntan - Kelas D,1,21/02/2025,Offline,02.00.00,Kontrak perkuliahan
0e48f927,"Prof. Dr. Dedy Takdir Syaifuddin, S.E.,M.Si.",MANAJEMEN KEUANGAN 1 - Kelas C,1,20/02/2025,Offline,03.00.00,Pengenalan manajemen keuangan
56cfe99d,"Si Made Ngurah Purnaman, S.Ak, M.Ak",Akuntansi Keuangan Lanjutan II - Kelas A,1,17/02/2025,Offline,02.30.00,Kontrak Perkuliahan
e6f1c948,"Dr. Mulyati Akib, SE, M.Si, Ak, CA, CTA, CPA",Akuntansi Manajemen - Kelas D,5,19/03/2025,Offline,02.00.00,Just in Time
f37b021a,"Prof. Dr. H. Ishak Awaluddin, SE, M.Si, Ak, CA, Asean CPA, ACPA, CTA, CPA",Etika Bisnis dan Profesi Akuntan - Kelas C,1,21/02/2025,Offline,02.30.00,Pengenalan materi
3cf0c7b2,"Satira Yusuf, SE., M.Si.",Hukum Bisnis dan Perusahaan - Kelas D,2,07/03/2025,Offline,02.00.00,Presentasi Konsep Hukum Bisnis dan Konsep Hukum Bisnis Syariah
de72972c,"Nitri Mirosea, SE, M.Si, M.AAC, CFE, Ph.D",Akuntansi Keuangan Menengah II - Kelas D,5,17/03/2025,Offline,02.00.00,Presentasi sekuritas Dilusian dan Laba Per Saham
87146888,"Andi Muhammad Fuad Ramadhan Basru, S.E., M.Acc., Ak",Perpajakan II - Kelas E,3,13/03/2025,Offline,02.00.00,Pph Final
3983213a,"Safaruddin, SE., M.S.A, Ak, CA",Pengantar Akuntansi II - Kelas B,1,17/02/2025,Offline,02.30.00,Liabilitas Jangka Pendek dan Penggajian (Liabilitas Jangka Pendek)
41b2f7d8,"Safaruddin, SE., M.S.A, Ak, CA",Pengantar Akuntansi II - Kelas B,2,24/02/2025,Offline,20.30.00,Perhitungan Pph Pasal 21 dan Penggajian
f24630cc,"Safaruddin, SE., M.S.A, Ak, CA",Pengantar Akuntansi II - Kelas B,3,02/03/2025,Offline,20.30.00,"Akuntansi Pada Persekutuan (Pendirian,Pembagian Laba,Keikutsertaan Rekan)"
5759577b,"Hasnidar, S.E., M.Si.",Hukum Bisnis dan Perusahaan - Kelas C,4,14/03/2025,Offline,02.00.00,"Merger, Konsolidasi, Akuisisi, dan Separasi"
8b2da609,"Safaruddin, SE., M.S.A, Ak, CA",Pengantar Akuntansi II - Kelas B,4,09/02/2025,Offline,20.30.00,"Likuidasi Persekutuan, Realisasi Keuntungan/Laba,Laporan Ekuitas Persekutuan"
8237fc77,"Dr. Mulyati Akib, SE, M.Si, Ak, CA, CTA, CPA",Sistem Informasi Akuntansi - Kelas C,5,12/03/2025,Offline,02.30.00,Pengendalian dan Sistem Informasi Akuntansi
7e5d8ca1,"Safaruddin, SE., M.S.A, Ak, CA",Pengantar Akuntansi II - Kelas B,5,16/02/2025,Offline,20.30.00,"Pendirian Perseroan,Ekuitas pemegang saham,Penerbitan dan Jenis Saham"
9b4d82b0,"Wa Ode Aswati, S.E., M.Si., CRP",Manajemen Strategi - Kelas A,2,26/02/2025,Offline,01.00.00,perkenalan
513ac8cf,"Dr. H. Nasrullah Dali, SE, M.Si, Ak, CA",Sistem Akuntansi Keuangan Daerah - Kelas D,2,26/02/2025,Offline,02.00.00,Konsep dan Siklus Akuntansi
fd347d54,"Dr. H. Nasrullah Dali, SE, M.Si, Ak, CA",Sistem Akuntansi Keuangan Daerah - Kelas D,1,19/02/2025,Offline,02.00.00,Karakteristik Akuntansi Keuangan Daerah
7d8183aa,"Yuli Lestari Labangu, S.E., M.Sc.",Sistem Akuntansi Keuangan Daerah - Kelas A,1,21/02/2025,Offline,02.30.00,Pengenalan materi
849302af,"Yuli Lestari Labangu, S.E., M.Sc.",Sistem Akuntansi Keuangan Daerah - Kelas A,2,28/02/2025,Offline,02.30.00,Karakteristik akuntansi keuangan daerah
ad7f842c,"Yuli Lestari Labangu, S.E., M.Sc.",Sistem Akuntansi Keuangan Daerah - Kelas A,3,07/03/2025,Offline,02.30.00,Konsep dan siklus akuntansi
91489b8f,"Yuli Lestari Labangu, S.E., M.Sc.",Sistem Akuntansi Keuangan Daerah - Kelas A,4,14/03/2025,Online,02.30.00,Pelaporan keuangan pemerintah daerah
8d7ef3ca,"Dr. Nur Asni, SE, M.Si",Akuntansi Biaya - Kelas C,1,18/02/2025,Offline,03.00.00,PERUSAHAAN MANUFAKTUR
2feb98ac,"Dr. Nur Asni, SE, M.Si",Akuntansi Biaya - Kelas C,2,25/02/2025,Offline,03.00.00,AKUNTANSI BIAYA PADA PERUSAHAAN KOMPLEKS
e02c4330,"Dr. Mulyati Akib, SE, M.Si, Ak, CA, CTA, CPA",Sistem Informasi Akuntansi - Kelas C,6,19/03/2025,Offline,02.30.00,Pengendalian Sistem Informasi Berdasarkan Komputer
27852f14,"Dr. Nur Asni, SE, M.Si",Akuntansi Biaya - Kelas C,3,04/03/2025,Offline,03.00.00,METODE HARGA POKOK PESANAN
12f28cec,"Dr. Mulyati Akib, SE, M.Si, Ak, CA, CTA, CPA",AUDITING II - Kelas B,5,18/03/2025,Offline,02.30.00,Pemeriksaan Persediaan
1a373b68,"Dr. Nur Asni, SE, M.Si",Akuntansi Biaya - Kelas C,4,11/03/2025,Offline,03.00.00,METODE HARGA POKOK PROSES
dd021d53,"Dr. Nur Asni, SE, M.Si",Akuntansi Biaya - Kelas C,5,18/03/2025,Offline,03.00.00,METODE HARGA POKOK PERSEDIAAN
8d22bae9,"Taufan Sufatriansa Awal, S.Ak., M.Acc",Manajemen Pemasaran - Kelas C,1,24/02/2025,Offline,03.00.00,MANAJEMEN PEMASARAN
99828260,"Taufan Sufatriansa Awal, S.Ak., M.Acc",Manajemen Pemasaran - Kelas C,2,10/03/2025,Offline,03.00.00,MARKETING DAN PENTINGNYA DALAM DUNIA BISNIS
6ddc325e,"Taufan Sufatriansa Awal, S.Ak., M.Acc",Komputer Akuntansi - Kelas D,1,24/02/2025,Offline,03.00.00,PENGENALAN KOMPUTER AKUNTANSI
107902ea,"Prof. Dr. H. Arifuddin, SE, M.Si, Ak, CA, ACPA, CTA",Akuntansi Sektor Publik - Kelas C,1,25/02/2025,Offline,02.30.00,Gambaran Umum Akuntansi Sektor Publik
9c5cbeac,"Prof. Dr. H. Arifuddin, SE, M.Si, Ak, CA, ACPA, CTA",Akuntansi Sektor Publik - Kelas C,2,04/03/2025,Offline,02.30.00,Regulasi Keuangan Sektor Publik
3f38b9b2,"Prof. Dr. H. Arifuddin, SE, M.Si, Ak, CA, ACPA, CTA",Akuntansi Sektor Publik - Kelas C,3,11/03/2025,Offline,02.30.00,Kerangka Konseptual Akuntansi Sektor Publik
ee3ecb61,"Prof. Dr. H. Arifuddin, SE, M.Si, Ak, CA, ACPA, CTA",Akuntansi Sektor Publik - Kelas C,4,18/03/2025,Offline,02.30.00,Standar Akuntansi Sektor Publik
2d3cd024,"Taufan Sufatriansa Awal, S.Ak., M.Acc",Komputer Akuntansi - Kelas D,2,03/03/2025,Offline,03.00.00,ACCURATE
38eada4c,"Taufan Sufatriansa Awal, S.Ak., M.Acc",Komputer Akuntansi - Kelas D,3,10/03/2025,Offline,03.00.00,ACCURATE
15965ef4,"Dr. Sukring, M.Pd.I.",AGAMA - Kelas C,1,19/02/2025,Offline,02.00.00,MANUSIA DALAM KONSEP ISLAM
7847ed5a,"Dr. Sukring, M.Pd.I.",AGAMA - Kelas C,2,12/03/2025,Offline,02.00.00,PROSES PENCIPTAAN ADAM
ddcb5639,"Prof. Dr. H. Arifuddin, SE, M.Si, Ak, CA, ACPA, CTA",Perpajakan II - Kelas C,2,26/02/2025,Offline,02.00.00,"PPH pasal 21, pasal 22 dan pasal 23"
d1bfe9ce,"Prof. Dr. H. Arifuddin, SE, M.Si, Ak, CA, ACPA, CTA",Perpajakan II - Kelas C,3,05/03/2025,Offline,02.00.00,"PPH pasal 24, pasal 25, dan pasal 26"
a0509774,"Prof. Dr. H. Arifuddin, SE, M.Si, Ak, CA, ACPA, CTA",Perpajakan II - Kelas C,4,12/03/2025,Offline,02.00.00,Pajak Bumi dan Bangunan (PBB)
76ddfd0b,"Prof. Dr. H. Arifuddin, SE, M.Si, Ak, CA, ACPA, CTA",Perpajakan II - Kelas C,5,19/03/2025,Offline,02.00.00,Bea Perolehan Hak atas Tanah dan Bangunan
dfa7651c,"Prof. Dr. H. Arifuddin, SE, M.Si, Ak, CA, ACPA, CTA",Perpajakan II - Kelas C,1,19/02/2025,Offline,02.00.00,Ketentuan Umum Perpajakan
ee5ce82f,"Taufan Sufatriansa Awal, S.Ak., M.Acc",Sistem Informasi Akuntansi - Kelas B,5,19/03/2025,Offline,02.00.00,Pembuatan Model Data dan Database
a07d7f1c,"Safaruddin, SE., M.S.A, Ak, CA",Akuntansi Keuangan Menengah II - Kelas C,1,24/02/2025,Offline,02.30.00,Ekuitas
b2d12906,"Safaruddin, SE., M.S.A, Ak, CA",Akuntansi Keuangan Menengah II - Kelas C,2,03/03/2025,Offline,02.30.00,Ekuitas
e72c59b0,"Safaruddin, SE., M.S.A, Ak, CA",Akuntansi Keuangan Menengah II - Kelas C,4,17/03/2025,Offline,02.30.00,Investasi
4e4aadd8,"Dr. Sukring, M.Pd.I.",AGAMA - Kelas C,3,19/03/2025,Offline,02.00.00,PENGERTIAN AGAMA DAN AGAMA ISLAM
adea55f6,"Safaruddin, SE., M.S.A, Ak, CA",Akuntansi Keuangan Menengah II - Kelas C,3,10/03/2025,Offline,02.30.00,Efek Dilutif dan Laba Per Saham
2a6b58a6,"Dr. Tuti Dharmawati, SE, M.Si, Ak, QIA, CA, ACPA, CRMP, CMA",Akuntansi Manajemen - Kelas C,1,19/02/2025,Online,02.30.00,Konsep Akuntansi Manajemen
91b788a8,"Dr. Tuti Dharmawati, SE, M.Si, Ak, QIA, CA, ACPA, CRMP, CMA",Akuntansi Manajemen - Kelas C,2,26/02/2025,Offline,02.30.00,Konsep Akuntansi Manajemen
0add4dde,"Dr. Tuti Dharmawati, SE, M.Si, Ak, QIA, CA, ACPA, CRMP, CMA",Akuntansi Manajemen - Kelas C,3,05/03/2025,Offline,02.30.00,"Konsep, Klasifikasi, dan Perlakuan Biaya"
79bf89cb,"Prof. Dr. H. Ishak Awaluddin, SE, M.Si, Ak, CA, Asean CPA, ACPA, CTA, CPA",AUDITING II - Kelas C,2,03/03/2025,Offline,02.00.00,Pemeriksaan Kewajiban Jangka Pendek
05c27599,"Prof. Dr. H. Ishak Awaluddin, SE, M.Si, Ak, CA, Asean CPA, ACPA, CTA, CPA",AUDITING II - Kelas C,3,10/03/2025,Offline,02.00.00,Pemeriksaan Kewajiban Jangka Panjang
a0589484,"Dr. Mulyati Akib, SE, M.Si, Ak, CA, CTA, CPA",Sistem Informasi Akuntansi - Kelas C,1,17/02/2025,Offline,02.00.00,Perkenalan tentang sistem informasi Akuntansi
8670795f,"Prof. Dr. H. Ishak Awaluddin, SE, M.Si, Ak, CA, Asean CPA, ACPA, CTA, CPA",AUDITING II - Kelas C,4,17/03/2025,Offline,02.00.00,Pemeriksaan Ekuitas
b1d0aae4,"Dr. Mulyati Akib, SE, M.Si, Ak, CA, CTA, CPA",Sistem Informasi Akuntansi - Kelas C,2,24/02/2025,Offline,02.30.00,Konsep Dasar Sistem Informasi Akuntansi
f330b112,"Prof. Dr. H. Ishak Awaluddin, SE, M.Si, Ak, CA, Asean CPA, ACPA, CTA, CPA",AUDITING II - Kelas C,1,24/03/2025,Offline,02.00.00,Pemeriksaan Aktiva Tak Berwujud
0f7aab75,"Dr. Mulyati Akib, SE, M.Si, Ak, CA, CTA, CPA",Sistem Informasi Akuntansi - Kelas C,3,26/02/2025,Offline,02.30.00,Tinjauan Menyeluruh Proses Bisnis
6fbc867d,"Dr. La Hatani, SE., MM.",Manajemen Strategi - Kelas B,1,20/02/2025,Offline,02.00.00,Perkenalan
143ca793,"Si Made Ngurah Purnaman, S.Ak, M.Ak",Komputer Akuntansi - Kelas C,5,17/03/2025,Offline,02.00.00,Kasus 2 Perusahaan Dagang
75af5e26,"Dr. Mulyati Akib, SE, M.Si, Ak, CA, CTA, CPA",Sistem Informasi Akuntansi - Kelas C,4,05/03/2025,Offline,02.30.00,Konsep E-Business
9ccb905d,"Ika Maya Sari, SE., M.Si, Ak, CA, CTT, CRA, CRP",Akuntansi Keuangan Menengah II - Kelas B,4,17/03/2025,Offline,02.30.00,Efek DIluktif dan Laba Per Saham
b488cf59,"Prof. Dr. H. Ishak Awaluddin, SE, M.Si, Ak, CA, Asean CPA, ACPA, CTA, CPA",Perpajakan II - Kelas B,4,17/03/2025,Offline,02.30.00,Bea Materai
a7259a51,"Fitriaman, SE., MSA, Ak, CSRS, CSRA, CRA, CIISA",Akuntansi Sektor Publik - Kelas B,3,11/03/2025,Offline,02.30.00,Komparasi Akuntansi Sektor Publik VS Sektor Bisnis
634e50b5,"Dr. Muntu Abdullah, SE, M.Si, Ak, CA, ACPA",Akuntansi Manajemen - Kelas B,3,11/03/2025,Offline,02.30.00,Klasifikasi Biaya
4721cccd,"Hasnidar, S.E., M.Si.",Hukum Bisnis dan Perusahaan - Kelas B,6,19/03/2025,Offline,02.30.00,Hak Paten dan Merek dan Indikasi Geografis
89afbc6a,"Hasnidar, S.E., M.Si.",MANAJEMEN KEUANGAN 1 - Kelas C,1,20/02/2025,Offline,03.00.00,TUJUAN DARI MANAJEMEN KEUANGAN
4d3d6c93,"Hasnidar, S.E., M.Si.",MANAJEMEN KEUANGAN 1 - Kelas C,2,27/03/2025,Offline,03.00.00,KONSEP PENILAIAN DALAM MANAJEMEN KEUANGAN
00baf914,"Hasnidar, S.E., M.Si.",MANAJEMEN KEUANGAN 1 - Kelas C,3,06/03/2025,Offline,03.00.00,ANALISIS LAPORAN KEUANGAN
a45ff656,"Hasnidar, S.E., M.Si.",MANAJEMEN KEUANGAN 1 - Kelas C,4,13/03/2025,Offline,03.00.00,"MANAJEMEN KAS, PIUTANG, DAN PERSEDIAAN"
4a040485,"Hasnidar, S.E., M.Si.",MANAJEMEN KEUANGAN 1 - Kelas C,5,20/03/2025,Offline,03.00.00,WORKING CAPITAL (Manajemen Modal Kerja)
92398216,"Dr. Tuti Dharmawati, SE, M.Si, Ak, QIA, CA, ACPA, CRMP, CMA",Akuntansi Manajemen - Kelas C,4,20/03/2025,Online,01.30.00,Penentuan Biaya Produk: Metode Biaya Pesanan
7a8723c8,"Dr. Nur Asni, SE, M.Si",Akuntansi Biaya - Kelas B,1,17/02/2025,Online,02.30.00,Kontrak Perkuliahan
f2fdc3e5,"Dr. Nur Asni, SE, M.Si",Akuntansi Biaya - Kelas B,2,24/02/2025,Offline,02.30.00,Akuntansi Biaya dan Pengertian Biaya
8f09f4d2,"Dr. Nur Asni, SE, M.Si",Akuntansi Biaya - Kelas B,3,03/03/2025,Online,02.30.00,Meotde Harga Pokok pesanan
48a7ff2a,"Dr. Nur Asni, SE, M.Si",Akuntansi Biaya - Kelas B,4,12/03/2025,Offline,02.30.00,Metode harga pokok pesanan
71a5ba71,"Dr. Nur Asni, SE, M.Si",Akuntansi Biaya - Kelas B,5,19/03/2025,Online,02.30.00,Metode harga pokok Produksi
3c53d3f8,"Dr. Nur Asni, SE, M.Si",MANAJEMEN KEUANGAN 1 - Kelas B,1,20/02/2025,Offline,02.30.00,Rps dan Kontrak perkuliahan
318888a1,"Dr. Nur Asni, SE, M.Si",MANAJEMEN KEUANGAN 1 - Kelas B,2,27/02/2025,Offline,02.30.00,Prinsip Dasar manajemen keuangan
75b099ce,"Dr. Nur Asni, SE, M.Si",MANAJEMEN KEUANGAN 1 - Kelas B,3,06/03/2025,Offline,02.30.00,Analisa Laporan keuangan
f2b3699f,"Dr. Nur Asni, SE, M.Si",MANAJEMEN KEUANGAN 1 - Kelas B,4,13/03/2025,Offline,02.30.00,Pasar Keuangan Dan Lembaga keuangan
ad7fb035,"Dr. Nur Asni, SE, M.Si",MANAJEMEN KEUANGAN 1 - Kelas B,5,20/03/2025,Offline,02.30.00,Nilai Waktu Uang
d6a68578,"Dr. Yusuf, SE., MM.",Manajemen Pemasaran - Kelas B,1,05/03/2025,Offline,02.30.00,Konsep dasar manajemen keuangan
44e7891c,"Syaiah, SE. M.Si",Komputer Akuntansi - Kelas E,4,20/03/2025,Offline,03.00.00,Membuat laporan perusahaan dagang dan jasa menggunakan aplikasi siapik
0767542d,"Taufan Sufatriansa Awal, S.Ak., M.Acc",Sistem Informasi Akuntansi - Kelas B,1,19/02/2025,Offline,02.00.00,Kontrak Perkuliahan
928dec12,"Prof. Dr. H. Ishak Awaluddin, SE, M.Si, Ak, CA, Asean CPA, ACPA, CTA, CPA",Etika Bisnis dan Profesi Akuntan - Kelas C,2,28/02/2025,Offline,02.30.00,"Konsep dasar Etika , Norma , Moral dan Etiket"
dd3442be,"Prof. Dr. H. Ishak Awaluddin, SE, M.Si, Ak, CA, Asean CPA, ACPA, CTA, CPA",Etika Bisnis dan Profesi Akuntan - Kelas C,3,07/03/2025,Offline,02.30.00,Teori Etika
23241070,"Prof. Dr. H. Ishak Awaluddin, SE, M.Si, Ak, CA, Asean CPA, ACPA, CTA, CPA",Etika Bisnis dan Profesi Akuntan - Kelas C,4,14/03/2025,Offline,02.30.00,Lingkungan Etika dan Akuntansi
1e34a3c2,"Dr. Nur Asni, SE, M.Si",Metodologi Penelitian - Kelas A-23,1,17/02/2025,Offline,02.30.00,Pengenalan Materi
28e0f720,"Dr. La Hatani, SE., MM.",Manajemen Strategi - Kelas B,2,27/02/2025,Offline,02.00.00,Pengertian dan Ruang Lingkup Strategi
b1e70700,"Dr. La Hatani, SE., MM.",Manajemen Strategi - Kelas B,3,06/03/2025,Offline,02.00.00,Model Manajemen Strategi
06d5c1e4,"Dr. Nur Asni, SE, M.Si",Metodologi Penelitian - Kelas A-23,2,24/02/2025,Offline,02.30.00,Pengertian Dasar Dasar Metodologi Penelitian
d17180dd,"Yuli Lestari Labangu, S.E., M.Sc.",Akuntansi Sektor Publik - Kelas A,1,18/02/2025,Offline,02.30.00,Gambaran Umum Akuntansi Sektor Publik
ca63f7d9,"Yuli Lestari Labangu, S.E., M.Sc.",Akuntansi Sektor Publik - Kelas A,2,25/02/2025,Offline,02.30.00,Regulasi Keuangan Sektor Publik
63106a9a,"Yuli Lestari Labangu, S.E., M.Sc.",Akuntansi Sektor Publik - Kelas A,3,04/03/2025,Offline,02.30.00,Kerangka Konseptual Akuntansi Sektor Publik
cb782b14,"Yuli Lestari Labangu, S.E., M.Sc.",Akuntansi Sektor Publik - Kelas A,4,11/03/2025,Offline,02.30.00,Standar Akuntansi Sektor Publik
7d1bb7e2,"Yuli Lestari Labangu, S.E., M.Sc.",Akuntansi Sektor Publik - Kelas A,5,18/03/2025,Offline,02.30.00,Penganggaran Sektor Publik
563d8518,"Safaruddin, SE., M.S.A, Ak, CA",Perpajakan II - Kelas A,1,18/02/2025,Offline,02.30.00,Pajak Penghasilan Pasal 21
bd972313,"Safaruddin, SE., M.S.A, Ak, CA",Perpajakan II - Kelas A,2,25/02/2025,Offline,02.30.00,Pajak Penghasilan Pasal 22
7c6ac12e,"Safaruddin, SE., M.S.A, Ak, CA",Perpajakan II - Kelas A,3,04/03/2025,Offline,02.30.00,Pajak Penghasilan Pasal 24
0c8f9231,"Safaruddin, SE., M.S.A, Ak, CA",Perpajakan II - Kelas A,4,11/03/2025,Offline,02.30.00,Pajak Penghasilan Pasal 25
6f51be24,"Safaruddin, SE., M.S.A, Ak, CA",Perpajakan II - Kelas A,5,20/03/2025,Offline,02.30.00,Rekonsiliasi Fiskal
a32014ce,"Taufan Sufatriansa Awal, S.Ak., M.Acc",Sistem Informasi Akuntansi - Kelas B,2,05/03/2025,Offline,02.00.00,Konsep Dasar Sistem Informasi Akuntansi
781ebe38,"Taufan Sufatriansa Awal, S.Ak., M.Acc",Sistem Informasi Akuntansi - Kelas B,3,12/03/2025,Offline,02.00.00,Tinjauan Menyeluruh Proses Bisnis
2403ea94,"Taufan Sufatriansa Awal, S.Ak., M.Acc",Sistem Informasi Akuntansi - Kelas B,4,19/03/2025,Offline,02.00.00,Pengantar E-Business
c93ebfa1,"Dr. La Hatani, SE., MM.",Manajemen Strategi - Kelas B,4,13/03/2025,Offline,02.00.00,Pemberian tugas mengenai Analisis Lingkungan Strategic
bff279c1,"Fitriaman, SE., MSA, Ak, CSRS, CSRA, CRA, CIISA",Metodologi Penelitian - Kelas B-22,1,06/03/2025,Offline,02.00.00,Perkenalan dan pembahasan RPS
bc356d4b,"Fitriaman, SE., MSA, Ak, CSRS, CSRA, CRA, CIISA",Metodologi Penelitian - Kelas B-22,2,13/03/2025,Offline,02.00.00,Absen saja
e7248700,"Fitriaman, SE., MSA, Ak, CSRS, CSRA, CRA, CIISA",Metodologi Penelitian - Kelas B-22,3,20/03/2025,Offline,02.00.00,Metode penelitian kualitatif dan kuantitatif
6978bbd6,"Safaruddin, SE., M.S.A, Ak, CA",Pengantar Akuntansi II - Kelas B,6,24/03/2025,Online,02.00.00,Transaksi saham treasuri
5aca49ea,"Lade Ahmaliun, S. Hut., M. Sc",Wawasan Kemaritiman - Kelas C,5,25/03/2025,Online,01.45.00,Ekonomi Maritim
59f2dd49,"Lade Ahmaliun, S. Hut., M. Sc",Wawasan Kemaritiman - Kelas C,4,18/03/2025,Offline,01.45.00,Sejarah Kemaritiman di Indonesia
646f97b3,"Lade Ahmaliun, S. Hut., M. Sc",Wawasan Kemaritiman - Kelas C,3,11/03/2025,Offline,01.45.00,Zona Ekonomi Eksklusif
a67078b0,"Lade Ahmaliun, S. Hut., M. Sc",Wawasan Kemaritiman - Kelas C,1,18/02/2025,Online,01.45.00,Pengenalan Materi
6c1f1784,"Lade Ahmaliun, S. Hut., M. Sc",Wawasan Kemaritiman - Kelas C,2,04/03/2025,Offline,01.45.00,Ekonomi Biru
197a0dfa,"Lade Ahmaliun, S. Hut., M. Sc",Wawasan Kemaritiman - Kelas C,6,26/03/2025,Online,01.00.00,Ekonomi Maritim
45e6c04e,"Dr. Tuti Dharmawati, SE, M.Si, Ak, QIA, CA, ACPA, CRMP, CMA",Pengantar Akuntansi II - Kelas C,5,25/03/2025,Online,02.00.00,"Perseroan, Pendirian, Transaksi Saham, dan Dividen"
c80727b2,"Prof. Dr. H. Arifuddin, SE, M.Si, Ak, CA, ACPA, CTA",Akuntansi Sektor Publik - Kelas C,5,25/03/2025,Online,01.30.00,"Penganggaran sektor publik, sistem penganggaran publik"
8e750d04,"Taufan Sufatriansa Awal, S.Ak., M.Acc",Komputer Akuntansi - Kelas D,5,24/03/2025,Online,03.00.00,ACCURATE
a470b462,"Hasnidar, S.E., M.Si.",MANAJEMEN KEUANGAN 1 - Kelas C,6,27/03/2025,Offline,03.00.00,Dividen (Pembagian laba kepada pemegang saham)
21651018,"Dr. Nur Asni, SE, M.Si",Akuntansi Biaya - Kelas C,6,08/04/2025,Offline,03.00.00,PERHITUNGAN HARGA POKOK VARIABEL
45516157,"Dr. Nur Asni, SE, M.Si",Akuntansi Biaya - Kelas B,6,09/04/2025,Offline,02.30.00,Variable Costing dan penerepanya pada metode harga pokok pesanan dan Produksi
a6b62e8c,"Dr. Mulyati Akib, SE, M.Si, Ak, CA, CTA, CPA",Sistem Informasi Akuntansi - Kelas C,7,26/03/2025,Online,02.00.00,Penipuan dan Pengamanan Komputer
c15dbbed,"Dr. Mulyati Akib, SE, M.Si, Ak, CA, CTA, CPA",Sistem Informasi Akuntansi - Kelas C,8,09/04/2025,Offline,02.00.00,UJIAN TENGAH SEMESTER
b589d36a,"Yuli Lestari Labangu, S.E., M.Sc.",Akuntansi Sektor Publik - Kelas A,7,08/04/2025,Online,02.30.00,Sistem Akuntansi Pemerintah Pusat dan Daerah
94b9e3da,"Nitri Mirosea, SE, M.Si, M.AAC, CFE, Ph.D",Sistem Akuntansi Keuangan Daerah - Kelas C,1,20/02/2025,Offline,02.30.00,Kontrak Perkuliahan
0cc3d926,"Nitri Mirosea, SE, M.Si, M.AAC, CFE, Ph.D",Sistem Akuntansi Keuangan Daerah - Kelas C,2,27/02/2025,Offline,02.30.00,Kebijakan Akuntansi dan Sistem Akuntansi Pendapatan-LO dan Pendapatan-LRA
2fe2ae7a,"Nitri Mirosea, SE, M.Si, M.AAC, CFE, Ph.D",Sistem Akuntansi Keuangan Daerah - Kelas C,3,06/03/2025,Offline,02.30.00,Kebijakan Akuntansi dan Sistem Akuntansi Beban dan Belanja
dc7947af,"Nitri Mirosea, SE, M.Si, M.AAC, CFE, Ph.D",Sistem Akuntansi Keuangan Daerah - Kelas C,4,13/03/2025,Offline,02.30.00,Kebijakan Akuntansi dan Sistem Akuntansi Pembiayaan
66b77909,"Nitri Mirosea, SE, M.Si, M.AAC, CFE, Ph.D",Sistem Akuntansi Keuangan Daerah - Kelas C,5,20/03/2025,Offline,02.30.00,Kebijakan Akuntansi dan Sistem Akuntansi Kas dan Setara Kas
7bfd692e,"Nitri Mirosea, SE, M.Si, M.AAC, CFE, Ph.D",Sistem Akuntansi Keuangan Daerah - Kelas C,6,27/03/2025,Online,02.30.00,Tugas Review Jurnal dan Kasus
2a46de7d,"Nitri Mirosea, SE, M.Si, M.AAC, CFE, Ph.D",Sistem Akuntansi Keuangan Daerah - Kelas C,7,10/04/2025,Offline,02.30.00,Kebijakan Akuntansi dan Sistem Akuntansi Piutang
415308b1,"Dr. Muntu Abdullah, SE, M.Si, Ak, CA, ACPA",Metodologi Penelitian - Kelas C-22,1,20/02/2025,Offline,02.30.00,Defining Research topic : Acritical Thinking Approach
62b61ff5,"Dr. Muntu Abdullah, SE, M.Si, Ak, CA, ACPA",Metodologi Penelitian - Kelas C-22,2,27/02/2025,Offline,02.30.00,Research methods for business
9e4fd297,"Dr. Muntu Abdullah, SE, M.Si, Ak, CA, ACPA",Metodologi Penelitian - Kelas C-22,3,06/03/2025,Offline,02.30.00,Riset problem / formulasi masalah
1ed127e8,"Dr. Muntu Abdullah, SE, M.Si, Ak, CA, ACPA",Metodologi Penelitian - Kelas C-22,4,13/03/2025,Offline,02.30.00,Kerangka konseptual dan kerangka pikir
a658e8ea,"Prof. Dr. La Ode Anto, SE, M.Si, Ak, QIA, CA, CTT, CRP, CRMP, QGIA, Asean CPA",Akuntansi Keuangan Lanjutan II - Kelas C,1,21/02/2025,Offline,02.30.00,Review Materi
88d0520d,"Prof. Dr. La Ode Anto, SE, M.Si, Ak, QIA, CA, CTT, CRP, CRMP, QGIA, Asean CPA",Akuntansi Keuangan Lanjutan II - Kelas C,2,28/02/2025,Offline,02.30.00,Akuisisi AntarPerusahaan dan Investasi pada Entitas lain
5df8ba4c,"Prof. Dr. La Ode Anto, SE, M.Si, Ak, QIA, CA, CTT, CRP, CRMP, QGIA, Asean CPA",Akuntansi Keuangan Lanjutan II - Kelas C,3,07/03/2025,Offline,02.30.00,Pelaporan Kepemilikan AntarPerusahaan
f2550bd1,"Prof. Dr. La Ode Anto, SE, M.Si, Ak, QIA, CA, CTT, CRP, CRMP, QGIA, Asean CPA",Akuntansi Keuangan Lanjutan II - Kelas C,4,14/03/2025,Offline,02.30.00,Entitas Konsolidasi dan Laporan Keuangan Konsolidasian
445d45dd,"Prof. Dr. La Ode Anto, SE, M.Si, Ak, QIA, CA, CTT, CRP, CRMP, QGIA, Asean CPA",Akuntansi Keuangan Lanjutan II - Kelas C,5,21/03/2025,Offline,02.30.00,Konsolidasi pada anak perusahaan yang dimiliki penuh
f896dc04,"Prof. Dr. La Ode Anto, SE, M.Si, Ak, QIA, CA, CTT, CRP, CRMP, QGIA, Asean CPA",Akuntansi Keuangan Lanjutan II - Kelas C,6,28/03/2025,Online,02.30.00,Konsolidasi pada anak perusahaan yang dimiliki kurang dari kepemilikan penuh
97849d84,"Prof. Dr. H. Ishak Awaluddin, SE, M.Si, Ak, CA, Asean CPA, ACPA, CTA, CPA",Etika Bisnis dan Profesi Akuntan - Kelas C,5,21/03/2025,Offline,02.30.00,Etika Bisnis
7b12ffa6,"Dr. Muntu Abdullah, SE, M.Si, Ak, CA, ACPA",Metodologi Penelitian - Kelas C-22,5,20/03/2025,Offline,02.30.00,analisis data dan interpretasi
2dbe0941,"Hasnidar, S.E., M.Si.",Hukum Bisnis dan Perusahaan - Kelas C,7,11/04/2025,Offline,02.00.00,Hak Cipta
c30af380,"Safaruddin, SE., M.S.A, Ak, CA",Akuntansi Keuangan Menengah II - Kelas C,5,24/03/2025,Online,02.00.00,Pendapatan
7b463794,"Prof. Dr. H. Ishak Awaluddin, SE, M.Si, Ak, CA, Asean CPA, ACPA, CTA, CPA",AUDITING II - Kelas C,5,14/04/2025,Offline,02.00.00,Pemeriksaan atas perkiraan laba rugi
81ebddf4,"Dr. Tuti Dharmawati, SE, M.Si, Ak, QIA, CA, ACPA, CRMP, CMA",Akuntansi Manajemen - Kelas C,6,09/04/2025,Offline,02.00.00,PENENTUAN BIAYA PRODUK: FULL COSTING DAN VARIABEL COSTING
c6cb8170,"Safaruddin, SE., M.S.A, Ak, CA",Akuntansi Keuangan Menengah II - Kelas C,6,14/04/2025,Offline,02.00.00,Akuntansi pajak penghasilan
8ba71ca5,"Dr. Muntu Abdullah, SE, M.Si, Ak, CA, ACPA",Metodologi Penelitian - Kelas C-23,6,15/04/2025,Offline,02.30.00,analisis data dan interpretasi
ed25e537,"Dr. Muntu Abdullah, SE, M.Si, Ak, CA, ACPA",Metodologi Penelitian - Kelas C-23,5,08/04/2025,Online,02.30.00,populasi
aefdba4e,"Dr. Muntu Abdullah, SE, M.Si, Ak, CA, ACPA",Metodologi Penelitian - Kelas C-23,4,25/03/2025,Offline,02.30.00,tinjauan literatur dan kerangka konseptual
79112f83,"Dr. Muntu Abdullah, SE, M.Si, Ak, CA, ACPA",Metodologi Penelitian - Kelas C-23,3,18/03/2025,Offline,02.30.00,riset problem atau formulasi masalah
cd3c7462,"Dr. Muntu Abdullah, SE, M.Si, Ak, CA, ACPA",Metodologi Penelitian - Kelas C-23,2,11/03/2025,Offline,02.30.00,mengapa harus riset (akuntansi) atau pentingnya penelitian
f8e93366,"Dr. Muntu Abdullah, SE, M.Si, Ak, CA, ACPA",Metodologi Penelitian - Kelas C-23,1,04/03/2025,Offline,02.30.00,kontrak perkuliahan
a0b86f47,"Yuli Lestari Labangu, S.E., M.Sc.",Akuntansi Sektor Publik - Kelas A,8,15/04/2025,Offline,02.30.00,Ujian Tengah Semester
b581c290,"Wa Ode Aswati, S.E., M.Si., CRP",Akuntansi Sektor Publik - Kelas D,1,18/02/2025,Offline,02.30.05,Pengenalan & Metode Pembelajaran
4a3fe7f3,"Wa Ode Aswati, S.E., M.Si., CRP",Akuntansi Sektor Publik - Kelas D,2,25/02/2025,Offline,02.30.00,Akuntansi Keuangan Daerah APBN/APBD
c288f58c,"Wa Ode Aswati, S.E., M.Si., CRP",Akuntansi Sektor Publik - Kelas D,3,04/03/2025,Offline,02.30.00,Ruang Lingkup Keuangan Daerah dan Kedudukan Akuntansi Daerah
4e2fb5ac,"Wa Ode Aswati, S.E., M.Si., CRP",Akuntansi Sektor Publik - Kelas D,4,11/03/2025,Offline,02.30.00,Siklus Akuntansi Keuangan Daerah
bbfc6bee,"Wa Ode Aswati, S.E., M.Si., CRP",Akuntansi Sektor Publik - Kelas D,5,18/03/2025,Offline,02.30.00,Sistem Akuntansi Keuangan Pemerintah Daerah
99667f49,"Wa Ode Aswati, S.E., M.Si., CRP",Akuntansi Sektor Publik - Kelas D,6,20/03/2025,Online,02.30.00,Laporan Arus Kas dan Akuntansi Pendapatan Daerah
47d2109d,"Wa Ode Aswati, S.E., M.Si., CRP",Akuntansi Sektor Publik - Kelas D,7,10/04/2025,Online,02.30.00,Akuntansi Surplus Devisit dan Akuntansi Aset
9c43d295,"Dr. Intihanah, SE, M.Si, QIA",Sistem Informasi Akuntansi - Kelas D,1,19/02/2025,Offline,01.30.00,Metode Pembelajaran & Pembagian Kelompok
278f5dd5,"Dr. Intihanah, SE, M.Si, QIA",Sistem Informasi Akuntansi - Kelas D,2,26/02/2025,Offline,02.30.00,Konsep Dasar Sistem Informasi Akuntansi
1538f26e,"Dr. Intihanah, SE, M.Si, QIA",Sistem Informasi Akuntansi - Kelas D,3,05/03/2025,Offline,02.00.00,Tinjauan Menyeluruh Proses Bisnis
d0c2c576,"Dr. Intihanah, SE, M.Si, QIA",Sistem Informasi Akuntansi - Kelas D,4,12/03/2025,Online,02.00.00,Pengantar E-Bisnis
d9628a7d,"Dr. Intihanah, SE, M.Si, QIA",Sistem Informasi Akuntansi - Kelas D,5,19/03/2025,Offline,02.00.00,Pembuatan Model Data dan Desain Database
44ce3934,"Dr. Intihanah, SE, M.Si, QIA",Sistem Informasi Akuntansi - Kelas D,6,26/03/2025,Online,02.00.00,Pengendalian dan sistem Akuntansi
76b10f74,"Nitri Mirosea, SE, M.Si, M.AAC, CFE, Ph.D",Akuntansi Keuangan Menengah II - Kelas D,1,17/02/2025,Offline,02.00.00,Liabilitas jangka pendek
0ca4b176,"Dr. Intihanah, SE, M.Si, QIA",Sistem Informasi Akuntansi - Kelas D,7,09/04/2025,Online,02.00.00,"Pengendalian Sistem Informasi Berdasarkan Komputer dan Penipuan, dan Pengemanan Komputer"
e4f32aa9,"Nitri Mirosea, SE, M.Si, M.AAC, CFE, Ph.D",Akuntansi Keuangan Menengah II - Kelas D,2,24/02/2025,Offline,02.00.00,Liabilitas jangka panjang
59d436da,"Prof. Dr. La Ode Anto, SE, M.Si, Ak, QIA, CA, CTT, CRP, CRMP, QGIA, Asean CPA",Metodologi Penelitian - Kelas D-23,1,21/02/2025,Offline,02.00.00,"Pengenalan,Metode Pembelajaran & Pembagian Kelompok"
e98b7e28,"Nitri Mirosea, SE, M.Si, M.AAC, CFE, Ph.D",Akuntansi Keuangan Menengah II - Kelas D,4,10/03/2025,Offline,02.00.00,"Ekuitas: saldo laba, deviden, Saham Treasuri, dan penghasilan komprehensif lain"
39374486,"Nitri Mirosea, SE, M.Si, M.AAC, CFE, Ph.D",Akuntansi Keuangan Menengah II - Kelas D,3,03/03/2025,Offline,02.00.00,Ekuitas: Modal Disetor
3cd8e516,"Prof. Dr. La Ode Anto, SE, M.Si, Ak, QIA, CA, CTT, CRP, CRMP, QGIA, Asean CPA",Metodologi Penelitian - Kelas D-23,2,28/02/2025,Offline,02.00.00,Konsep Dasar Metode Kuantitatif
733bf995,"Prof. Dr. La Ode Anto, SE, M.Si, Ak, QIA, CA, CTT, CRP, CRMP, QGIA, Asean CPA",Metodologi Penelitian - Kelas D-23,3,07/03/2025,Offline,02.00.00,"Penelitian Survei, Proses Penelitian Masalah dan Metode hubungan Antar Variabel"
f44d16a0,"Prof. Dr. La Ode Anto, SE, M.Si, Ak, QIA, CA, CTT, CRP, CRMP, QGIA, Asean CPA",Metodologi Penelitian - Kelas D-23,4,14/03/2025,Offline,02.00.00,"Landasarn Teori, Kerangka Berpikir, dan Hipotesis"
37587c52,"Prof. Dr. La Ode Anto, SE, M.Si, Ak, QIA, CA, CTT, CRP, CRMP, QGIA, Asean CPA",Metodologi Penelitian - Kelas D-23,5,21/03/2025,Offline,02.00.00,Metode Penelitian Eksperimen Serta Populasi dan Sampel
83c09645,"Prof. Dr. La Ode Anto, SE, M.Si, Ak, QIA, CA, CTT, CRP, CRMP, QGIA, Asean CPA",Metodologi Penelitian - Kelas D-23,6,28/03/2025,Online,02.00.00,Skala Pengukuran dan Instrumen Penelitian
4aae878a,"Prof. Dr. La Ode Anto, SE, M.Si, Ak, QIA, CA, CTT, CRP, CRMP, QGIA, Asean CPA",Metodologi Penelitian - Kelas D-23,7,11/04/2025,Offline,02.00.00,Teknik Pengumpulan dan Analisis Data Kuantitatif
c1dabd0f,"Nitri Mirosea, SE, M.Si, M.AAC, CFE, Ph.D",Akuntansi Keuangan Menengah II - Kelas D,6,14/04/2025,Offline,02.00.00,Investasi: instrumen ekuitas dan hutang
76bfaf36,"Prof. Dr. H. Ishak Awaluddin, SE, M.Si, Ak, CA, Asean CPA, ACPA, CTA, CPA",Etika Bisnis dan Profesi Akuntan - Kelas C,6,11/04/2025,Online,02.30.00,Etika Profesi
894a848b,"Prof. Dr. H. Arifuddin, SE, M.Si, Ak, CA, ACPA, CTA",Akuntansi Sektor Publik - Kelas C,6,15/04/2025,Offline,02.00.00,Realisasi Anggaran
3b3b04e6,"Dr. Muntu Abdullah, SE, M.Si, Ak, CA, ACPA",Metodologi Penelitian - Kelas C-23,7,15/04/2025,Offline,02.30.00,anatomi laporan penelitian dan pengembangan
4249b71e,"Dr. Sukring, M.Pd.I.",AGAMA - Kelas C,4,09/04/2025,Offline,02.00.00,AGAMA DAN AGAMA ISLAM
5f9a2368,"Hasnidar, S.E., M.Si.",MANAJEMEN KEUANGAN 1 - Kelas C,7,10/04/2025,Offline,03.00.00,BIAYA MODAL DAN STRUKTUR MODAL
21881c85,"Taufan Sufatriansa Awal, S.Ak., M.Acc",Manajemen Pemasaran - Kelas C,3,16/04/2025,Offline,03.00.00,PASAR BISNIS
c28eb1e2,"Taufan Sufatriansa Awal, S.Ak., M.Acc",Manajemen Pemasaran - Kelas C,4,16/04/2025,Offline,03.00.00,MEMBENTUK KEMITRAAN STRATEGIS DAN RISET PEMASARAN
e1c484e7,"Taufan Sufatriansa Awal, S.Ak., M.Acc",Komputer Akuntansi - Kelas D,6,14/04/2025,Online,03.00.00,ACCURATE
c6f83ed4,"Dr. Sukring, M.Pd.I.",AGAMA - Kelas C,5,16/04/2025,Online,02.00.00,Thaharah
f896ad10,"Dr. Intihanah, SE, M.Si, QIA",Sistem Informasi Akuntansi - Kelas D,8,16/04/2025,Offline,01.00.00,Ujian Tengah Semester
20c8bf90,"Prof. Dr. H. Arifuddin, SE, M.Si, Ak, CA, ACPA, CTA",Perpajakan II - Kelas C,6,16/04/2025,Offline,02.00.00,PPH BADAN
2ce8a316,"Dr. Tuti Dharmawati, SE, M.Si, Ak, QIA, CA, ACPA, CRMP, CMA",Akuntansi Manajemen - Kelas C,7,16/04/2025,Offline,02.00.00,UJIAN TENGAH SEMESTER
a6ef2fe1,"Dr. La Hatani, SE., MM.",Manajemen Strategi - Kelas B,5,20/03/2025,Offline,02.00.00,Presentasi mengenai tugas yang di berikan
fc40a890,"Dr. La Hatani, SE., MM.",Manajemen Strategi - Kelas B,6,17/04/2025,Offline,02.00.00,Perumusan Strategi dan Social Responsibility
447406a6,"Prof. Dr. H. Ishak Awaluddin, SE, M.Si, Ak, CA, Asean CPA, ACPA, CTA, CPA",AUDITING II - Kelas C,6,17/04/2025,Offline,02.00.00,Pemeriksaan subsequent events dan penyelesaian pemeriksaan
e7cb3503,"Dr. Nur Asni, SE, M.Si",Akuntansi Biaya - Kelas B,7,09/04/2025,Offline,02.30.00,BIAYA OVERHEAD PABRIK
531b1aff,"Dr. Nur Asni, SE, M.Si",Akuntansi Biaya - Kelas B,8,19/04/2025,Offline,02.30.00,Evaluasi tengah Semester
42d5dbc3,"Dr. Nur Asni, SE, M.Si",MANAJEMEN KEUANGAN 1 - Kelas B,7,17/04/2025,Offline,02.30.00,Analisis Rasio keuangan terhadap perusahaan manufaktur yang aktif di bursa efek indonesia
de0acb2e,"Dr. Mulyati Akib, SE, M.Si, Ak, CA, CTA, CPA",Akuntansi Manajemen - Kelas D,1,19/02/2025,Offline,02.00.00,Perkenalan metode pembelajaran
9559a40f,"Dr. Mulyati Akib, SE, M.Si, Ak, CA, CTA, CPA",Akuntansi Manajemen - Kelas D,2,26/02/2025,Offline,02.00.00,Konsep dasar akuntansi manajemen
c7945587,"Dr. Mulyati Akib, SE, M.Si, Ak, CA, CTA, CPA",Akuntansi Manajemen - Kelas D,3,05/03/2025,Offline,02.00.00,Klasifikasi biaya
2c099a39,"Dr. Mulyati Akib, SE, M.Si, Ak, CA, CTA, CPA",Akuntansi Manajemen - Kelas D,4,12/03/2025,Offline,02.00.00,Biaya standar
9ebf5d88,"Dr. Mulyati Akib, SE, M.Si, Ak, CA, CTA, CPA",Akuntansi Manajemen - Kelas D,6,26/03/2025,Online,02.00.00,Akuntansi pertanggungjawaban
b908def4,"Dr. Mulyati Akib, SE, M.Si, Ak, CA, CTA, CPA",Akuntansi Manajemen - Kelas D,7,26/03/2025,Online,02.00.00,Activity based costing (ABC)
df2bd091,"Dr. Mulyati Akib, SE, M.Si, Ak, CA, CTA, CPA",Akuntansi Manajemen - Kelas D,8,09/04/2025,Offline,02.00.00,Ujian Tengah Semester
d67d1bcc,"Si Made Ngurah Purnaman, S.Ak, M.Ak",Akuntansi Keuangan Lanjutan II - Kelas A,2,24/02/2025,Offline,02.30.00,Entitas Konsolidasi dan Laporan Keuangan Konsolidasian
9d5a5489,"Si Made Ngurah Purnaman, S.Ak, M.Ak",Akuntansi Keuangan Lanjutan II - Kelas A,3,03/03/2025,Offline,02.30.00,Konsolidasi Pada Anak Perusahaan yang Dimiliki Penuh
15ce1317,"Si Made Ngurah Purnaman, S.Ak, M.Ak",Akuntansi Keuangan Lanjutan II - Kelas A,4,10/03/2025,Offline,02.30.00,Konsolidasi Pada Anak Perusahaan yang Dimiliki Kurang Dari Kepemilikan Penuh
db803ece,"Si Made Ngurah Purnaman, S.Ak, M.Ak",Akuntansi Keuangan Lanjutan II - Kelas A,5,17/03/2025,Offline,02.30.00,Transfer Antar Perusahaan: Aset Tidak Lancar
961f3570,"Si Made Ngurah Purnaman, S.Ak, M.Ak",Akuntansi Keuangan Lanjutan II - Kelas A,6,24/03/2025,Online,02.30.00,Transaksi Persediaan Antar Perusahaan
dcf0e9fd,"Si Made Ngurah Purnaman, S.Ak, M.Ak",Akuntansi Keuangan Lanjutan II - Kelas A,7,14/04/2025,Offline,02.30.00,Utang Antar Perusahaan
43f4f871,"Si Made Ngurah Purnaman, S.Ak, M.Ak",Akuntansi Keuangan Lanjutan II - Kelas A,8,21/04/2025,Online,04.00.00,Ujian Tengah Semester
60c1d496,"Safaruddin, SE., M.S.A, Ak, CA",Perpajakan II - Kelas A,6,25/03/2025,Online,02.30.00,Contoh kasus Pajak Bumi dan Bangunan
6d6bffae,"Safaruddin, SE., M.S.A, Ak, CA",Perpajakan II - Kelas A,7,08/04/2025,Offline,02.30.00,Contoh Kasus Pajak Pertambahan Nilai
4d3fd500,"Safaruddin, SE., M.S.A, Ak, CA",Perpajakan II - Kelas A,8,15/04/2025,Offline,02.30.00,Pajak Bumi dan Bangunan
8685f712,"Hasnidar, S.E., M.Si.",Hukum Bisnis dan Perusahaan - Kelas C,8,17/04/2025,Offline,02.00.00,Ujian Tengah Semester
cd3a946f,"Hasnidar, S.E., M.Si.",Hukum Bisnis dan Perusahaan - Kelas C,5,21/03/2025,Offline,01.40.00,Hak Paten
61ce6986,"Hasnidar, S.E., M.Si.",Hukum Bisnis dan Perusahaan - Kelas C,6,28/03/2025,Online,01.40.00,Merek dan Indikasi Geografis
5dc7cb6c,"Hasnidar, S.E., M.Si.",Hukum Bisnis dan Perusahaan - Kelas C,3,07/03/2025,Offline,02.00.00,Kepailitan
b330affd,"Hasnidar, S.E., M.Si.",Hukum Bisnis dan Perusahaan - Kelas C,2,28/02/2025,Offline,02.00.00,Kontrak dan Perjanjian Bisnis
31a9a4e2,"Hasnidar, S.E., M.Si.",Hukum Bisnis dan Perusahaan - Kelas C,1,21/02/2025,Offline,02.00.00,Konsep Hukum Bisnis
c1f2ff03,"Prof. Dr. H. Arifuddin, SE, M.Si, Ak, CA, ACPA, CTA",Perpajakan II - Kelas C,7,22/04/2025,Offline,02.00.00,Ujian tengah semester
ed81a9cf,"Dr. Muntu Abdullah, SE, M.Si, Ak, CA, ACPA",Metodologi Penelitian - Kelas C-23,8,22/04/2025,Offline,02.30.00,ujian tengah semester
5b0ede69,"Dr. Erwin Hadisantoso, SE, M.Si, Ak, CA, ACPA, Asean CPA",AUDITING II - Kelas E,1,24/02/2025,Offline,02.00.00,Pengenalan Metode Pembelajaran
80a39ce0,"Dr. Erwin Hadisantoso, SE, M.Si, Ak, CA, ACPA, Asean CPA",AUDITING II - Kelas E,2,03/03/2025,Offline,02.00.00,Pemeriksaan Persediaan
3d779fb7,"Dr. Erwin Hadisantoso, SE, M.Si, Ak, CA, ACPA, Asean CPA",AUDITING II - Kelas E,3,10/03/2025,Offline,02.00.00,Pemeriksaan Aset Tetap
79e9293d,"Dr. Erwin Hadisantoso, SE, M.Si, Ak, CA, ACPA, Asean CPA",AUDITING II - Kelas E,4,17/03/2025,Offline,02.00.00,Pemeriksaan Aset Tak Berwujud
89197acd,"Dr. Erwin Hadisantoso, SE, M.Si, Ak, CA, ACPA, Asean CPA",AUDITING II - Kelas E,5,24/03/2025,Offline,02.00.00,Pemeriksaan Liabilitas Jangka Pendek
a885fb16,"Dr. Erwin Hadisantoso, SE, M.Si, Ak, CA, ACPA, Asean CPA",AUDITING II - Kelas E,6,14/04/2025,Offline,02.00.00,Pemeriksaan Liabilitas Jangka Panjang dan Pemeriksaan Ekuitas
3b12f4f8,"Dr. Erwin Hadisantoso, SE, M.Si, Ak, CA, ACPA, Asean CPA",AUDITING II - Kelas E,7,19/04/2025,Offline,02.00.00,Pemeriksaan atas Laporan Laba dan Pemeriksaan Subsequent Event dan Penyelesaian Pemeriksaan
518d049d,"La Ode Muhammad Arfan Samrin, S.E, M.Ak",Perpajakan II - Kelas D,1,06/03/2025,Offline,02.30.00,kontrak perkuliahan
e06f57e5,"La Ode Muhammad Arfan Samrin, S.E, M.Ak",Perpajakan II - Kelas D,2,13/03/2025,Offline,02.30.00,pajak bumi dan bangunan
06c3bfb7,"La Ode Muhammad Arfan Samrin, S.E, M.Ak",Perpajakan II - Kelas D,3,20/03/2025,Offline,02.30.00,pajak pertambahan nilai
262b0d5e,"La Ode Muhammad Arfan Samrin, S.E, M.Ak",Perpajakan II - Kelas D,4,27/03/2025,Offline,02.30.00,bea perolehan hak atas tanah dan bangunan
f50ab12c,"La Ode Muhammad Arfan Samrin, S.E, M.Ak",Perpajakan II - Kelas D,5,10/04/2025,Offline,02.30.00,pajak penjualan atas barang mewah
1265c9a9,"La Ode Muhammad Arfan Samrin, S.E, M.Ak",Perpajakan II - Kelas D,6,17/04/2025,Offline,02.30.00,pajak penjualan atas barang mewah
ad825ab7,"La Ode Muhammad Arfan Samrin, S.E, M.Ak",Perpajakan II - Kelas D,7,17/04/2025,Offline,02.30.00,pajak penghasilan badan
3a06f129,"La Ode Muhammad Arfan Samrin, S.E, M.Ak",Perpajakan II - Kelas D,8,24/04/2025,Offline,02.30.00,ujian tengah semester
3b6a9ce6,"Dr. La Hatani, SE., MM.",Manajemen Strategi - Kelas B,7,24/04/2025,Offline,02.00.00,Strategi Perusahaan
efbcf0c7,"Dr. La Hatani, SE., MM.",Manajemen Strategi - Kelas B,8,28/04/2025,Offline,02.00.00,Ujian Tengah Semester
074ea578,"Fitriaman, SE., MSA, Ak, CSRS, CSRA, CRA, CIISA",Metodologi Penelitian - Kelas B-22,4,17/04/2025,Offline,02.00.00,Absen
9a99b5c6,"Fitriaman, SE., MSA, Ak, CSRS, CSRA, CRA, CIISA",Metodologi Penelitian - Kelas B-22,5,21/04/2025,Online,02.00.00,Pendekatan Kualitatif Dalam Penelitian Akuntansi
5bbdb56f,"Fitriaman, SE., MSA, Ak, CSRS, CSRA, CRA, CIISA",Metodologi Penelitian - Kelas B-22,6,23/04/2025,Online,02.00.00,Pendekatan Kualitatif Dalam Penelitian Akuntansi
6ea2b5f5,"Dr. Erwin Hadisantoso, SE, M.Si, Ak, CA, ACPA, Asean CPA",AUDITING II - Kelas E,8,24/04/2025,Offline,01.00.00,Ujian Tengah Semester
65bec61c,"Wa Ode Aswati, S.E., M.Si., CRP",MANAJEMEN KEUANGAN 1 - Kelas B,9,24/04/2025,Offline,02.30.00,Pembahasan RPS terkait materi Manajemen keuangan
097a2dea,"Hasnidar, S.E., M.Si.",Akuntansi Biaya - Kelas B,9,25/04/2025,Offline,02.30.00,Departementalisasi Biaya Overhead Pabrik
054c41d4,"Hasnidar, S.E., M.Si.",MANAJEMEN KEUANGAN 1 - Kelas C,8,24/04/2025,Offline,02.00.00,UJIAN TENGAH SEMESTER
164f6b8e,"Dr. Sukring, M.Pd.I.",AGAMA - Kelas C,7,23/04/2025,Offline,02.00.00,"PRAKTEK MANDI,KAFAN,SHOLAT, DAN KUBUR JENAZAH"
9058b524,"Dr. Sukring, M.Pd.I.",AGAMA - Kelas C,8,26/04/2025,Offline,02.00.00,UJIAN TENGAH SEMESTER
fd8fc12a,"Dr. Nur Asni, SE, M.Si",Akuntansi Biaya - Kelas C,7,19/04/2025,Offline,03.00.00,UJIAN TENGAH SEMESTER
4d20eb7e,"Syaiah, SE. M.Si",Akuntansi Biaya - Kelas C,1,22/04/2025,Offline,03.00.00,DEPARTEMENLISASI BIAYA OVERHEAD PABRIK
a7330910,"Taufan Sufatriansa Awal, S.Ak., M.Acc",Komputer Akuntansi - Kelas D,7,21/04/2025,Offline,03.00.00,UJIAN TENGAH SEMESTER
d1dd0acc,"Taufan Sufatriansa Awal, S.Ak., M.Acc",Manajemen Pemasaran - Kelas C,5,16/04/2025,Offline,03.00.00,MENCIPTAKAN DAN MEMPERTAHANKAN IDENTITAS MEREK
22b18a21,"Taufan Sufatriansa Awal, S.Ak., M.Acc",Manajemen Pemasaran - Kelas C,6,16/04/2025,Offline,03.00.00,MEMAHAMI POLA PIKIR PEMASARAN MENGEMBANGKAN DAN MENINGKATKAN PROGRAM DAN JASA YANG POPULER
8739228e,"Taufan Sufatriansa Awal, S.Ak., M.Acc",Manajemen Pemasaran - Kelas C,7,16/04/2025,Offline,03.00.00,KEPUASAN PELANGGAN PERBAIKAN LAYANAN SERTA MENCIPTAKAN HUBUNGAN JANGKA PANJANG
c46a8efd,"Taufan Sufatriansa Awal, S.Ak., M.Acc",Manajemen Pemasaran - Kelas C,8,21/04/2025,Offline,03.00.00,UJIAN TENGAH SEMESTER
a397dc9c,"Dr. Nur Asni, SE, M.Si",MANAJEMEN KEUANGAN 1 - Kelas B,8,26/04/2025,Offline,02.30.00,MID
50bc3aae,"Prof. Dr. La Ode Anto, SE, M.Si, Ak, QIA, CA, CTT, CRP, CRMP, QGIA, Asean CPA",Metodologi Penelitian - Kelas D-23,8,25/04/2025,Offline,01.00.00,Ujian Tengah Semester
73a364fb,"Prof. Dr. H. Arifuddin, SE, M.Si, Ak, CA, ACPA, CTA",Akuntansi Sektor Publik - Kelas C,7,22/04/2025,Offline,02.00.00,UJIAN TENGAH SEMESTER
1eb691f3,"Dr. Tuti Dharmawati, SE, M.Si, Ak, QIA, CA, ACPA, CRMP, CMA",Akuntansi Manajemen - Kelas C,5,26/03/2025,Online,02.00.00,Penentuan biaya produk : Metode biaya proses
e7c0a1ae,"Andi Muhammad Fuad Ramadhan Basru, S.E., M.Acc., Ak",Audit Kinerja Pemerintah Daerah - Kelas C,1,17/02/2025,Offline,16.00.00,Bahas kontrak perkuliahan
6b2fa9dd,"Prof. Dr. H. Ishak Awaluddin, SE, M.Si, Ak, CA, Asean CPA, ACPA, CTA, CPA",Etika Bisnis dan Profesi Akuntan - Kelas C,7,25/04/2025,Offline,02.30.00,Penerapan Good Corporate Governance (GCG) dan Penerapan Corporate Social Responsibility ( CSR )
bd913c25,"Prof. Dr. H. Ishak Awaluddin, SE, M.Si, Ak, CA, Asean CPA, ACPA, CTA, CPA",Etika Bisnis dan Profesi Akuntan - Kelas C,8,02/05/2025,Offline,01.00.00,Ujian tengah semester
1426b906,"Prof. Dr. H. Ishak Awaluddin, SE, M.Si, Ak, CA, Asean CPA, ACPA, CTA, CPA",AUDITING II - Kelas C,8,05/05/2025,Offline,01.00.00,MID AUDITING II
0f254fb7,"Dr. Emillia Nurdin, S.E., M.Si., CTT, CRA, CRP.",Akuntansi Keuangan Menengah II - Kelas C,9,28/04/2025,Offline,02.00.00,Akuntansi pensiun
fee9d281,"Prof. Dr. H. Arifuddin, SE, M.Si, Ak, CA, ACPA, CTA",AUDITING II - Kelas D,9,30/04/2025,Offline,02.30.00,management letter
9b9a357f,"Prof. Dr. H. Arifuddin, SE, M.Si, Ak, CA, ACPA, CTA",AUDITING II - Kelas D,10,07/05/2025,Offline,02.30.00,surat pernyataan langganan
8ff4dc6f,"Andi Muhammad Fuad Ramadhan Basru, S.E., M.Acc., Ak",AUDITING II - Kelas D,1,05/03/2025,Offline,02.30.00,kontrak perkuliahan
dc06f981,"Andi Muhammad Fuad Ramadhan Basru, S.E., M.Acc., Ak",AUDITING II - Kelas D,2,12/03/2025,Offline,02.30.00,pemeriksaan aset tak berwujud
bb8efcf0,"Andi Muhammad Fuad Ramadhan Basru, S.E., M.Acc., Ak",AUDITING II - Kelas D,3,19/03/2025,Offline,02.30.00,pemeriksaan liabilitas jangka pendek
60e81f29,"Andi Muhammad Fuad Ramadhan Basru, S.E., M.Acc., Ak",AUDITING II - Kelas D,4,26/03/2025,Offline,02.30.00,pemeriksaan liabilitas jangka panjang
b6c4dabd,"Andi Muhammad Fuad Ramadhan Basru, S.E., M.Acc., Ak",AUDITING II - Kelas D,5,09/04/2025,Offline,02.30.00,pemeriksaan ekuitas
dc3f09ee,"Andi Muhammad Fuad Ramadhan Basru, S.E., M.Acc., Ak",AUDITING II - Kelas D,6,16/04/2025,Offline,02.30.00,pemeriksaan atas perkiraan laba rugi
11d2c4f3,"Andi Muhammad Fuad Ramadhan Basru, S.E., M.Acc., Ak",AUDITING II - Kelas D,7,16/04/2025,Offline,02.30.00,pemeriksaan subsequent events dan penyelesaian pemeriksaan
b7e1409e,"Andi Muhammad Fuad Ramadhan Basru, S.E., M.Acc., Ak",AUDITING II - Kelas D,8,23/04/2025,Offline,02.30.00,ujian tengah semester
e5474d3e,"Wa Ode Aswati, S.E., M.Si., CRP",Akuntansi Manajemen - Kelas D,9,23/04/2025,Online,02.00.00,Metode pembelajaran
24dbd552,"Wa Ode Aswati, S.E., M.Si., CRP",Akuntansi Manajemen - Kelas D,10,30/04/2025,Offline,02.00.00,Full costing dan variabel costing
67a69baf,"Wa Ode Aswati, S.E., M.Si., CRP",Akuntansi Manajemen - Kelas D,11,07/05/2025,Offline,02.00.00,Activity Based Management (ABM)
5d917f56,"Dr. Emillia Nurdin, S.E., M.Si., CTT, CRA, CRP.",Akuntansi Keuangan Menengah II - Kelas C,10,05/05/2025,Offline,02.00.00,akuntansi sewa
46ab9004,"Vina Olivia Pebrianti, SE. ME",Akuntansi Sektor Publik - Kelas C,9,29/04/2025,Offline,02.30.00,Riview Materi
c986a330,"Vina Olivia Pebrianti, SE. ME",Akuntansi Sektor Publik - Kelas C,10,06/05/2025,Online,02.30.00,Zoom kemenkeu: konsep dasar pengelolaan APBN
f1d90cf1,"Vina Olivia Pebrianti, SE. ME",Akuntansi Sektor Publik - Kelas C,11,07/05/2025,Offline,02.30.00,anggaran sektor publik
5f4431dc,"Dr. Tuti Dharmawati, SE, M.Si, Ak, QIA, CA, ACPA, CRMP, CMA",Akuntansi Manajemen - Kelas C,8,07/05/2025,Offline,02.00.00,analisis biaya volume laba
5b608af9,"Satira Yusuf, SE., M.Si.",Hukum Bisnis dan Perusahaan - Kelas D,1,21/02/2025,Offline,02.00.00,Metode pembelajaran
f07c4c7b,"Satira Yusuf, SE., M.Si.",Hukum Bisnis dan Perusahaan - Kelas D,3,14/03/2025,Offline,02.00.00,Konsep hukum bisnis syariah dan hukum perjanjian
ef6673b0,"Satira Yusuf, SE., M.Si.",Hukum Bisnis dan Perusahaan - Kelas D,4,21/03/2025,Online,02.00.00,Badan hukum
9c23a92e,"Satira Yusuf, SE., M.Si.",Hukum Bisnis dan Perusahaan - Kelas D,5,18/04/2025,Online,02.00.00,Hukum persaingan usaha
d7b95e5a,"Satira Yusuf, SE., M.Si.",Hukum Bisnis dan Perusahaan - Kelas D,6,19/04/2025,Online,02.00.00,Hukum kekayaan intelektual
7ecd9274,"Satira Yusuf, SE., M.Si.",Hukum Bisnis dan Perusahaan - Kelas D,7,25/04/2025,Online,02.00.00,Perjanjian jual beli dan perjanjian sewa menyewa
8bf67156,"Satira Yusuf, SE., M.Si.",Hukum Bisnis dan Perusahaan - Kelas D,8,26/04/2025,Offline,02.00.00,Ujian Tengah Semester
f593e3cd,"Nitri Mirosea, SE, M.Si, M.AAC, CFE, Ph.D",Akuntansi Keuangan Menengah II - Kelas D,8,04/05/2025,Online,02.00.00,Ujian Tengah Semester
7ed09f27,"Nitri Mirosea, SE, M.Si, M.AAC, CFE, Ph.D",Akuntansi Keuangan Menengah II - Kelas D,7,21/04/2025,Offline,02.00.00,Pendapatan
78ee4e53,"Dr. Muntu Abdullah, SE, M.Si, Ak, CA, ACPA",Akuntansi Keuangan Menengah II - Kelas D,9,05/05/2025,Online,02.00.00,Metode pembelajaran
d2a9b0b7,"Hasnidar, S.E., M.Si.",Akuntansi Biaya - Kelas B,10,21/05/2025,Offline,02.30.00,Departemntalisasi Biaya overhead Pabrik
fced56a6,"Hasnidar, S.E., M.Si.",Akuntansi Biaya - Kelas B,11,05/05/2025,Offline,02.30.00,Biaya Bahan baku
8a8f7ad9,"Wa Ode Aswati, S.E., M.Si., CRP",MANAJEMEN KEUANGAN 1 - Kelas B,10,08/05/2025,Offline,02.30.00,Kebijakan Deviden
de91f17f,"Dr. Emillia Nurdin, S.E., M.Si., CTT, CRA, CRP.",Akuntansi Keuangan Menengah II - Kelas C,11,19/05/2025,Offline,02.00.00,Perubahan Akuntansi dan Analisis Kesalahan
d05e93c7,"Dr. Sulvariany Tamburaka, SE, M.Si, ACPA, CTA, CTT",Perpajakan II - Kelas C,9,14/05/2025,Online,02.00.00,Riview materi
234ad485,"Dr. Emillia Nurdin, S.E., M.Si., CTT, CRA, CRP.",Akuntansi Keuangan Menengah II - Kelas C,12,26/05/2025,Offline,02.00.00,KOREKSI KESALAHAN
feaff286,"Dr. Emillia Nurdin, S.E., M.Si., CTT, CRA, CRP.",Akuntansi Keuangan Menengah II - Kelas C,13,02/06/2025,Offline,02.00.00,LAPORAN ARUS KAS
55030c32,"Dr. Eliyanti Agus Mokodompit, SE., M.Si.",Wawasan Kemaritiman - Kelas B,1,20/03/2025,Offline,01.45.00,Ruang lingkup dan pendahuluan Perkuliahan
b8809f60,"Dr. Eliyanti Agus Mokodompit, SE., M.Si.",Wawasan Kemaritiman - Kelas B,2,04/03/2025,Offline,01.30.00,Indonesia sebagai Negara Achipelago
38da5b1b,"Dr. Eliyanti Agus Mokodompit, SE., M.Si.",Wawasan Kemaritiman - Kelas B,3,11/03/2025,Offline,01.30.00,"Definisi Maritim,Posisi Strategi indonesia,Sebagai Negara maritim"
c10f8365,"Dr. Eliyanti Agus Mokodompit, SE., M.Si.",Wawasan Kemaritiman - Kelas B,4,18/03/2025,Offline,01.30.00,Sejarah maritim indonesia dan kerajaan maritim
ad4ceecf,"Dr. Eliyanti Agus Mokodompit, SE., M.Si.",Wawasan Kemaritiman - Kelas B,5,25/03/2025,Offline,01.30.00,Potensi maritim Indonesia_perikanan dan transportasi
3591c163,"Dr. Eliyanti Agus Mokodompit, SE., M.Si.",Wawasan Kemaritiman - Kelas B,6,08/04/2025,Offline,01.30.00,7 Pilar Poros maritim Dunia
e4c6ca8e,"Dr. Eliyanti Agus Mokodompit, SE., M.Si.",Wawasan Kemaritiman - Kelas B,7,15/04/2025,Offline,01.45.00,DESA MARITIM DI INDONESIA
4fc094ff,"Dr. Eliyanti Agus Mokodompit, SE., M.Si.",Wawasan Kemaritiman - Kelas B,8,22/04/2025,Offline,01.45.00,UJIAN TENGAH SEMESTER
42619a17,"Hasnidar, S.E., M.Si.",Akuntansi Biaya - Kelas B,12,19/05/2025,Offline,02.30.00,Biaya tenaga kerja
b66d2111,"Hasnidar, S.E., M.Si.",Akuntansi Biaya - Kelas B,13,26/05/2025,Offline,02.30.00,HARGA POKOK PRODUK BERSAMA DAN PRODUK SAMPINGAN
b35ed77f,"Hasnidar, S.E., M.Si.",Akuntansi Biaya - Kelas B,14,02/06/2025,Offline,02.30.00,Sistem Biaya taksiran
f4940a0e,"La Ode Wahidin, S.Pd.,M.Pd.I",AGAMA - Kelas B,1,20/02/2025,Offline,01.45.00,Kontrak Perkuliahan Dan Rps
91838674,"La Ode Wahidin, S.Pd.,M.Pd.I",AGAMA - Kelas B,2,27/02/2025,Offline,01.45.00,Konsep Ketuhanan
9ad6dbaa,"La Ode Wahidin, S.Pd.,M.Pd.I",AGAMA - Kelas B,3,06/03/2025,Offline,01.45.00,Iman
ea5d9d5c,"La Ode Wahidin, S.Pd.,M.Pd.I",AGAMA - Kelas B,4,13/03/2025,Offline,01.45.00,Konsep Manusia Dalam Al Qur'an
38fe5ac1,"La Ode Wahidin, S.Pd.,M.Pd.I",AGAMA - Kelas B,5,20/03/2025,Offline,01.45.00,Aqidah Dalam Islam
44857f83,"La Ode Wahidin, S.Pd.,M.Pd.I",AGAMA - Kelas B,6,10/04/2025,Offline,01.45.00,Ahlak Dalam Islam
635ecf93,"La Ode Wahidin, S.Pd.,M.Pd.I",AGAMA - Kelas B,7,17/04/2025,Offline,01.45.00,Hukum Islam
c0c74fa7,"La Ode Wahidin, S.Pd.,M.Pd.I",AGAMA - Kelas B,8,24/04/2025,Offline,01.45.00,Ujian Tengah Semester
7a59496c,"Prof. Dr. La Ode Anto, SE, M.Si, Ak, QIA, CA, CTT, CRP, CRMP, QGIA, Asean CPA",Akuntansi Keuangan Lanjutan II - Kelas C,7,11/04/2025,Offline,02.30.00,tugas
a0c4014c,"Prof. Dr. H. Hasbudin, SE, M.Si, Ak, QIA, CA, ACPA, CTA",Etika Bisnis dan Profesi Akuntan - Kelas B,1,04/03/2025,Offline,01.30.00,pengenalan etika bisnis dan profesi akuntan
5051575b,"Prof. Dr. H. Hasbudin, SE, M.Si, Ak, QIA, CA, ACPA, CTA",Etika Bisnis dan Profesi Akuntan - Kelas B,2,18/03/2025,Offline,02.00.00,Kode Etik Akuntan Indonesia
c93d18e6,"Prof. Dr. La Ode Anto, SE, M.Si, Ak, QIA, CA, CTT, CRP, CRMP, QGIA, Asean CPA",Akuntansi Keuangan Lanjutan II - Kelas C,7,11/04/2025,Offline,02.30.00,Transfer AntarPerusahaan: aset tidak lancar
0ef0f709,"Prof. Dr. H. Hasbudin, SE, M.Si, Ak, QIA, CA, ACPA, CTA",Etika Bisnis dan Profesi Akuntan - Kelas B,3,25/03/2025,Offline,02.00.00,PENJELASAN ETIKA BISNIS DAN PROFESI AKUNTAN
f577a075,"Prof. Dr. La Ode Anto, SE, M.Si, Ak, QIA, CA, CTT, CRP, CRMP, QGIA, Asean CPA",Akuntansi Keuangan Lanjutan II - Kelas C,8,25/04/2025,Offline,02.30.00,Ujian Tengah Semester
064b6cc4,"Prof. Dr. H. Hasbudin, SE, M.Si, Ak, QIA, CA, ACPA, CTA",Etika Bisnis dan Profesi Akuntan - Kelas B,4,08/04/2025,Offline,02.00.00,TEORI-TEORI ETIKA
b908140a,"Dr. Muntu Abdullah, SE, M.Si, Ak, CA, ACPA",Akuntansi Keuangan Lanjutan II - Kelas C,9,02/05/2025,Offline,02.30.00,Review materi
6a8b2c3c,"Prof. Dr. H. Hasbudin, SE, M.Si, Ak, QIA, CA, ACPA, CTA",Etika Bisnis dan Profesi Akuntan - Kelas B,5,15/04/2025,Offline,02.00.00,LINGKUNGAN ETIKA DAN AKUNTANSI
68b2e3ab,"Prof. Dr. H. Hasbudin, SE, M.Si, Ak, QIA, CA, ACPA, CTA",Etika Bisnis dan Profesi Akuntan - Kelas B,6,22/04/2025,Offline,01.30.00,ETIKA BISNIS
4c10acb9,"Dr. Muntu Abdullah, SE, M.Si, Ak, CA, ACPA",Akuntansi Keuangan Lanjutan II - Kelas C,10,09/05/2025,Online,02.30.00,Laporan keuangan konsolidasi - investasi yang dibukukan dengan metode ekuitas
f0095656,"Dr. Muntu Abdullah, SE, M.Si, Ak, CA, ACPA",Akuntansi Keuangan Lanjutan II - Kelas C,11,16/05/2025,Online,02.30.00,Laporan keuangan konsolidasi - pembukuan investasi dengan metode harga pokok
7d06c485,"Prof. Dr. H. Hasbudin, SE, M.Si, Ak, QIA, CA, ACPA, CTA",Etika Bisnis dan Profesi Akuntan - Kelas B,7,25/04/2025,Online,01.00.00,ETIKA PROFESI
c776aba4,"Prof. Dr. H. Hasbudin, SE, M.Si, Ak, QIA, CA, ACPA, CTA",Etika Bisnis dan Profesi Akuntan - Kelas B,8,29/04/2025,Offline,01.30.00,UTS
c4aca0d2,"Dr. Muntu Abdullah, SE, M.Si, Ak, CA, ACPA",Akuntansi Keuangan Lanjutan II - Kelas C,12,23/05/2025,Offline,02.30.00,Laporan keuangan konsolidasi - Laba AntarPerusahaan; surat berharga senior
1decc06f,"Prof. Dr. H. Hasbudin, SE, M.Si, Ak, QIA, CA, ACPA, CTA",Etika Bisnis dan Profesi Akuntan - Kelas B,9,06/05/2025,Offline,02.00.00,CORPORATE SOCIAL RESPONSIBILITY (CSR)
be38bf10,"Prof. Dr. H. Hasbudin, SE, M.Si, Ak, QIA, CA, ACPA, CTA",Etika Bisnis dan Profesi Akuntan - Kelas B,10,20/05/2025,Offline,02.00.00,GOOD CORPORATE GOVERNANCE (GCG)
61201979,"Prof. Dr. H. Hasbudin, SE, M.Si, Ak, QIA, CA, ACPA, CTA",Etika Bisnis dan Profesi Akuntan - Kelas B,11,27/05/2025,Offline,02.00.00,Etika Profesi Akuntan
084c8215,"Dr. Muntu Abdullah, SE, M.Si, Ak, CA, ACPA",Akuntansi Keuangan Lanjutan II - Kelas C,13,13/06/2025,Offline,02.30.00,Laporan keuangan konsolidasi - perubahan kepentingan dalam perusahaan anak
3003116f,"Prof. Dr. H. Hasbudin, SE, M.Si, Ak, QIA, CA, ACPA, CTA",Etika Bisnis dan Profesi Akuntan - Kelas B,12,03/06/2025,Offline,01.30.00,WHISTLEBLOWER
e1565f99,"Dr. Muntu Abdullah, SE, M.Si, Ak, CA, ACPA",Metodologi Penelitian - Kelas C-22,7,10/04/2025,Offline,02.30.00,Definisi operasional dan pengukuran variabel
8aaab5cc,"Dr. Muntu Abdullah, SE, M.Si, Ak, CA, ACPA",Metodologi Penelitian - Kelas C-22,8,17/04/2025,Offline,02.30.00,Ujian Tengah Semester
cca99460,"Dr. Muntu Abdullah, SE, M.Si, Ak, CA, ACPA",Metodologi Penelitian - Kelas C-22,6,27/03/2025,Offline,02.30.00,penulisan proposal penelitian
59dd8c01,"Nitri Mirosea, SE, M.Si, M.AAC, CFE, Ph.D",Sistem Akuntansi Keuangan Daerah - Kelas C,8,17/04/2025,Online,02.30.00,Ujian Tengah Semester
31eb2b77,"Dr. Emillia Nurdin, S.E., M.Si., CTT, CRA, CRP.",Akuntansi Keuangan Menengah II - Kelas C,14,02/06/2025,Offline,02.00.00,Arus Kas
4f3dd7dd,"Dr. Yusuf, SE., MM.",Manajemen Pemasaran - Kelas B,1,05/03/2025,Offline,02.30.00,Kontrak Perkuliahan Dan Pengenalan Materi
38e52dfc,"Dr. Yusuf, SE., MM.",Manajemen Pemasaran - Kelas B,2,12/03/2025,Offline,02.30.00,Mengenal Manajemen Pemasaran Dan Apa Fungsinya?
b5fac432,"Dr. Yusuf, SE., MM.",Manajemen Pemasaran - Kelas B,3,19/03/2025,Offline,02.30.00,Mengenal Manajemen Pemasaran Dan Apa Fungsinya?
ab5e2736,"Dr. Yusuf, SE., MM.",Manajemen Pemasaran - Kelas B,4,09/04/2025,Offline,02.30.00,Pemasaran dan Konsep Pasar
d23b6508,"Dr. Yusuf, SE., MM.",Manajemen Pemasaran - Kelas B,5,23/04/2025,Offline,02.30.00,Pemasaran dan Konsep Pasar
dcc79a55,"Dr. Yusuf, SE., MM.",Manajemen Pemasaran - Kelas B,6,07/05/2025,Offline,02.30.00,Pemasaran dan Konsep Pasar
563025de,"Dr. Yusuf, SE., MM.",Manajemen Pemasaran - Kelas B,7,14/05/2025,Offline,02.30.00,Strategi dan Perencanaan Produk
055dd9d5,"Dr. Yusuf, SE., MM.",Manajemen Pemasaran - Kelas B,8,28/05/2025,Offline,02.30.00,Ujian Tengah Semester
18058a05,"Dr. Emillia Nurdin, S.E., M.Si., CTT, CRA, CRP.",Akuntansi Keuangan Menengah II - Kelas C,15,16/06/2025,Offline,02.00.00,Penyajian dan pengungkapan laporan keuangan
50b28693,"Yuli Lestari Labangu, S.E., M.Sc.",Sistem Akuntansi Keuangan Daerah - Kelas A,1,21/02/2025,Offline,02.30.00,Pertemuan awal pembagian kelompok presentasi
f96ce66e,"Yuli Lestari Labangu, S.E., M.Sc.",Sistem Akuntansi Keuangan Daerah - Kelas A,2,28/02/2025,Offline,02.30.00,Karakteristik akuntansi keuangan daerah
dca5eedb,"Yuli Lestari Labangu, S.E., M.Sc.",Sistem Akuntansi Keuangan Daerah - Kelas A,3,07/03/2025,Offline,02.30.00,Konsep dan siklus akuntansi
d98b2602,"Yuli Lestari Labangu, S.E., M.Sc.",Sistem Akuntansi Keuangan Daerah - Kelas A,4,14/03/2025,Online,02.30.00,Gambaran umum sistem akuntansi pemerintahan daerah
571018ad,"Yuli Lestari Labangu, S.E., M.Sc.",Sistem Akuntansi Keuangan Daerah - Kelas A,5,21/03/2025,Offline,02.30.00,Kebijakan sistem akuntansi keuangan daerah
b57ebde1,"Yuli Lestari Labangu, S.E., M.Sc.",Sistem Akuntansi Keuangan Daerah - Kelas A,6,11/04/2025,Offline,02.30.00,Prosedur sistem akuntansi keuangan daerah
9ff98fa3,"Yuli Lestari Labangu, S.E., M.Sc.",Sistem Akuntansi Keuangan Daerah - Kelas A,7,24/04/2025,Online,02.30.00,Sistem akuntansi SKPD
a39b3b57,"Yuli Lestari Labangu, S.E., M.Sc.",Sistem Akuntansi Keuangan Daerah - Kelas A,8,25/04/2025,Online,01.00.00,ujian tengah semester
b6858fca,"Dr. H. Nasrullah Dali, SE, M.Si, Ak, CA",Sistem Akuntansi Keuangan Daerah - Kelas A,8,02/05/2025,Online,01.00.00,Pembagian kelompok presentasi
e018b2a8,"Dr. H. Nasrullah Dali, SE, M.Si, Ak, CA",Sistem Akuntansi Keuangan Daerah - Kelas A,9,09/05/2025,Offline,02.00.00,Sistem akuntansi SKPD
e1c4a473,"Dr. H. Nasrullah Dali, SE, M.Si, Ak, CA",Sistem Akuntansi Keuangan Daerah - Kelas A,10,16/05/2025,Offline,02.00.00,Sistem akuntansi PPKD
2c265ce7,"Dr. H. Nasrullah Dali, SE, M.Si, Ak, CA",Sistem Akuntansi Keuangan Daerah - Kelas A,11,23/05/2025,Offline,02.00.00,Sistem akuntansi sumber daya manusia
7e3a25ae,"Dr. H. Nasrullah Dali, SE, M.Si, Ak, CA",Sistem Akuntansi Keuangan Daerah - Kelas A,9,02/05/2025,Online,01.00.00,Pembagian kelompok presentasi
f9303005,"Dr. H. Nasrullah Dali, SE, M.Si, Ak, CA",Sistem Akuntansi Keuangan Daerah - Kelas A,10,09/05/2025,Offline,02.00.00,Sistem akuntansi SKPD
8de3f1a5,"Dr. H. Nasrullah Dali, SE, M.Si, Ak, CA",Sistem Akuntansi Keuangan Daerah - Kelas A,11,16/05/2025,Offline,02.00.00,Sistem akuntansi PPKD
81310ea9,"Dr. H. Nasrullah Dali, SE, M.Si, Ak, CA",Sistem Akuntansi Keuangan Daerah - Kelas A,12,23/05/2025,Offline,02.00.00,Sistem akuntansi sumber daya manusia
835315f5,"Dr. H. Nasrullah Dali, SE, M.Si, Ak, CA",Sistem Akuntansi Keuangan Daerah - Kelas A,13,03/06/2025,Online,02.00.00,Sistem teknologi informasi
2774a2df,"Dr. H. Nasrullah Dali, SE, M.Si, Ak, CA",Sistem Akuntansi Keuangan Daerah - Kelas A,14,13/06/2025,Offline,02.00.00,Aplikasi sistem informasi daerah
c4673246,"Dr. H. Nasrullah Dali, SE, M.Si, Ak, CA",Sistem Akuntansi Keuangan Daerah - Kelas A,15,17/06/2025,Online,02.00.00,Aplikasi sistem informasi pemerintah daerah
9661758f,"Hasnidar, S.E., M.Si.",Akuntansi Biaya - Kelas B,15,16/06/2025,Offline,02.30.00,Sistem biaya standar
723db9aa,"Hasnidar, S.E., M.Si.",Akuntansi Biaya - Kelas B,16,23/06/2025,Offline,02.30.00,Ujian Akhir Semester
8ad33f65,"Muamal Gadafi, S.Ag.,M.Pd",AGAMA - Kelas B,9,07/05/2025,Offline,01.45.00,AHLAK TASAWUF
4d7ce939,"Muamal Gadafi, S.Ag.,M.Pd",AGAMA - Kelas B,10,14/05/2025,Offline,01.45.00,IMPLEMENTASI AJARAN PENDIDIKAN AGAMA ISLAM
90232ee0,"Muamal Gadafi, S.Ag.,M.Pd",AGAMA - Kelas B,11,21/05/2025,Offline,01.45.00,Peran pendidikan Agama Islam Di perguruan Tinggi
4af288c4,"Muamal Gadafi, S.Ag.,M.Pd",AGAMA - Kelas B,12,28/05/2025,Offline,01.45.00,Sistem politik Islam
bea2f12a,"Muamal Gadafi, S.Ag.,M.Pd",AGAMA - Kelas B,13,04/06/2025,Offline,01.45.00,Kebudayaan Islam
1ae78674,"Muamal Gadafi, S.Ag.,M.Pd",AGAMA - Kelas B,14,11/06/2025,Offline,01.45.00,Kerukunan antar umat beragama
a88eb159,"Muamal Gadafi, S.Ag.,M.Pd",AGAMA - Kelas B,15,18/06/2025,Offline,01.45.00,Demokrasi dalam Islam
903e2f93,"Taufan Sufatriansa Awal, S.Ak., M.Acc",Komputer Akuntansi - Kelas B,1,18/02/2025,Offline,02.30.00,Pengenalan Aplikasi Accurate dan Dasar dasar akuntansi
782edc30,"Taufan Sufatriansa Awal, S.Ak., M.Acc",Komputer Akuntansi - Kelas B,2,04/03/2025,Offline,02.30.00,Membangun database dan master data perusahaan menggunakan Accurate
b8c58013,"Taufan Sufatriansa Awal, S.Ak., M.Acc",Komputer Akuntansi - Kelas B,3,11/03/2025,Offline,02.30.00,Mengelola transaksi Pembelian Dan persediaan pada Aplikasi Accurate
b369e533,"Taufan Sufatriansa Awal, S.Ak., M.Acc",Komputer Akuntansi - Kelas B,4,18/03/2025,Offline,02.30.00,Mengelola Transaksi Penjualan dan piutang pada Accurate
9f4679c6,"Taufan Sufatriansa Awal, S.Ak., M.Acc",Komputer Akuntansi - Kelas B,5,25/03/2025,Offline,02.30.00,Mengelola Kas & Bank dan Buku besar
1fc8d4bb,"Taufan Sufatriansa Awal, S.Ak., M.Acc",Komputer Akuntansi - Kelas B,6,08/04/2025,Offline,02.30.00,Mengelola Aset tetap Dan penyesuaian Akhir periode menggunakan Accurate
dee93150,"Taufan Sufatriansa Awal, S.Ak., M.Acc",Komputer Akuntansi - Kelas B,7,15/04/2025,Offline,02.30.00,Pelaporan Keuangan Dan Analisis Data di Accurate
e8d05c67,"Taufan Sufatriansa Awal, S.Ak., M.Acc",Komputer Akuntansi - Kelas B,8,22/04/2025,Offline,02.30.00,Ujian Tengah Semester
18681008,"Nitri Mirosea, SE, M.Si, M.AAC, CFE, Ph.D",Komputer Akuntansi - Kelas B,9,29/04/2025,Offline,02.30.00,Konsep dasar pencatatan Keuangan UMKM
ee9f0edb,"Nitri Mirosea, SE, M.Si, M.AAC, CFE, Ph.D",Komputer Akuntansi - Kelas B,10,06/05/2025,Offline,02.30.00,Pengantar Sistem Aplikasi Si Apik
b44779d7,"Nitri Mirosea, SE, M.Si, M.AAC, CFE, Ph.D",Komputer Akuntansi - Kelas B,11,20/05/2025,Offline,02.30.00,Manfaat Si Apik dan pengelolaanya untuk usaha Mikro dan Kecil
670cd4d1,"Nitri Mirosea, SE, M.Si, M.AAC, CFE, Ph.D",Komputer Akuntansi - Kelas B,12,27/05/2025,Offline,02.30.00,Fitur dan Struktur Menu dalam Aplikasi si Apik
b11b6e67,"Nitri Mirosea, SE, M.Si, M.AAC, CFE, Ph.D",Komputer Akuntansi - Kelas B,13,03/06/2025,Offline,02.30.00,Pencatatan Transaksi Keuangan Menggunakan Si Apik
e8735846,"Nitri Mirosea, SE, M.Si, M.AAC, CFE, Ph.D",Komputer Akuntansi - Kelas B,14,10/06/2025,Offline,02.30.00,Penyusunan dan Interpretasi Laporan Keuangan Si Apik
8e11deb2,"Nitri Mirosea, SE, M.Si, M.AAC, CFE, Ph.D",Komputer Akuntansi - Kelas B,15,17/06/2025,Offline,02.30.00,Studi Kasus dan Evaluasi kinerja keuangan dengan Si Apik
8c519d96,"Nitri Mirosea, SE, M.Si, M.AAC, CFE, Ph.D",Komputer Akuntansi - Kelas B,16,24/06/2025,Offline,02.30.00,Ujian Akhir semester
d92baa20,"Vina Olivia Pebrianti, SE. ME",Sistem Akuntansi Keuangan Daerah - Kelas C,9,24/04/2025,Offline,02.30.00,Review materi
044a8381,"Vina Olivia Pebrianti, SE. ME",Sistem Akuntansi Keuangan Daerah - Kelas C,10,08/05/2025,Offline,02.30.00,PIUTANG
2b390168,"Vina Olivia Pebrianti, SE. ME",Sistem Akuntansi Keuangan Daerah - Kelas C,11,15/05/2025,Offline,02.30.00,PERSEDIAAN
49a0fc48,"Vina Olivia Pebrianti, SE. ME",Sistem Akuntansi Keuangan Daerah - Kelas C,12,22/05/2025,Offline,02.30.00,INVESTASI
05336d57,"Vina Olivia Pebrianti, SE. ME",Sistem Akuntansi Keuangan Daerah - Kelas C,13,26/05/2025,Offline,02.30.00,ASET TETAP
37c6f81b,"Vina Olivia Pebrianti, SE. ME",Sistem Akuntansi Keuangan Daerah - Kelas C,14,12/06/2025,Offline,02.30.00,KEBIJAKAN AKUNTANSI KONSTRUKSI DALAM PENGERJAAN
e919df7d,"Vina Olivia Pebrianti, SE. ME",Sistem Akuntansi Keuangan Daerah - Kelas C,15,19/06/2025,Offline,02.30.00,SISTEM AKUNTANSI KEWAJIBAN
b45c00c1,"Vina Olivia Pebrianti, SE. ME",Sistem Akuntansi Keuangan Daerah - Kelas C,16,26/06/2025,Offline,02.30.00,UJIAN AKHIR SEMESTER
297d11f2,"Si Made Ngurah Purnaman, S.Ak, M.Ak",Sistem Informasi Akuntansi - Kelas C,9,13/04/2025,Offline,01.30.00,Preview Materi Selanjutnya
d0069136,"Si Made Ngurah Purnaman, S.Ak, M.Ak",Sistem Informasi Akuntansi - Kelas C,10,27/04/2025,Offline,02.00.00,Audit Sistem Informasi Berbasi Komputer
f85c9445,"Si Made Ngurah Purnaman, S.Ak, M.Ak",Sistem Informasi Akuntansi - Kelas C,11,05/05/2025,Offline,02.00.00,Siklus Pendapatan : Penjualan dan Penerimaan Kas
9f16198e,"Si Made Ngurah Purnaman, S.Ak, M.Ak",Sistem Informasi Akuntansi - Kelas C,12,19/05/2025,Offline,02.00.00,Siklus Pengeluaran : Pembelian dan Pengeluaran kas
4bb94f6c,"Si Made Ngurah Purnaman, S.Ak, M.Ak",Sistem Informasi Akuntansi - Kelas C,13,26/05/2025,Offline,02.00.00,Siklus Produksi
8c3c3fe0,"Si Made Ngurah Purnaman, S.Ak, M.Ak",Sistem Informasi Akuntansi - Kelas C,14,02/06/2025,Offline,02.00.00,Siklus SDM dan Penggajian
08278b08,"Si Made Ngurah Purnaman, S.Ak, M.Ak",Sistem Informasi Akuntansi - Kelas C,15,23/06/2025,Offline,02.00.00,Siklus Buku Besar dan Pelaporan
3c5631cf,"Si Made Ngurah Purnaman, S.Ak, M.Ak",Sistem Informasi Akuntansi - Kelas C,17,30/06/2025,Offline,02.00.00,Ujian Akhir Semester (UAS)
d8285bb6,"Muamal Gadafi, S.Ag.,M.Pd",AGAMA - Kelas B,16,25/06/2025,Offline,01.45.00,Ujian Akhir Semester
cab1cf56,"Rekha aji Pratama, ST., M.A",Wawasan Kemaritiman - Kelas B,9,29/04/2025,Offline,01.45.00,Masyarakat maritim indonesia : potret tantangan dan harapan
39bd9dc2,"Rekha aji Pratama, ST., M.A",Wawasan Kemaritiman - Kelas B,10,06/05/2025,Offline,01.45.00,Cerita laut Indonesia
ece8e9f3,"Rekha aji Pratama, ST., M.A",Wawasan Kemaritiman - Kelas B,11,20/05/2025,Offline,01.45.00,Potensi Lestari Bahari
687ee3e4,"Rekha aji Pratama, ST., M.A",Wawasan Kemaritiman - Kelas B,12,27/05/2025,Offline,01.45.00,Laut dan Masyarakat pesisir
980fae65,"Rekha aji Pratama, ST., M.A",Wawasan Kemaritiman - Kelas B,13,03/06/2025,Offline,01.45.00,QUIZ
fb08f805,"Rekha aji Pratama, ST., M.A",Wawasan Kemaritiman - Kelas B,14,10/06/2025,Offline,01.45.00,Pencemaran Laut di Indonesia
785f77e4,"Rekha aji Pratama, ST., M.A",Wawasan Kemaritiman - Kelas B,15,17/06/2025,Offline,01.45.00,Dasar dasar pengelolaan pesisir
b5063ea9,"Rekha aji Pratama, ST., M.A",Wawasan Kemaritiman - Kelas B,16,30/06/2025,Offline,01.45.00,Ujian Akhir Semester
17b86926,"Wa Ode Aswati, S.E., M.Si., CRP",MANAJEMEN KEUANGAN 1 - Kelas B,11,15/05/2025,Offline,02.30.00,Biaya Modal dan Struktur modal
a80531f4,"Wa Ode Aswati, S.E., M.Si., CRP",MANAJEMEN KEUANGAN 1 - Kelas B,12,05/06/2025,Offline,02.30.00,"Leverage Operasi,Leverage Keuangan,Dan Leverage Total"
3140c2e3,"Wa Ode Aswati, S.E., M.Si., CRP",MANAJEMEN KEUANGAN 1 - Kelas B,13,12/06/2025,Offline,02.30.00,EBIT-EPS; CAMPURAN KEUANGAN PERUSAHAAN
0b28eb93,"Wa Ode Aswati, S.E., M.Si., CRP",MANAJEMEN KEUANGAN 1 - Kelas B,14,19/06/2025,Offline,02.30.00,Konsep Dasar Penganggaran Modal
c801ea40,"Wa Ode Aswati, S.E., M.Si., CRP",MANAJEMEN KEUANGAN 1 - Kelas B,15,26/06/2025,Offline,02.30.00,Sewa guna Usaha
bb1d806b,"Wa Ode Aswati, S.E., M.Si., CRP",MANAJEMEN KEUANGAN 1 - Kelas B,16,03/07/2025,Offline,02.30.00,Ujian Akhir Semester
95a80953,"Dr. Tuti Dharmawati, SE, M.Si, Ak, QIA, CA, ACPA, CRMP, CMA",Akuntansi Manajemen - Kelas C,9,14/05/2025,Offline,02.30.00,Biaya Differensial
74549110,"Dr. Tuti Dharmawati, SE, M.Si, Ak, QIA, CA, ACPA, CRMP, CMA",Akuntansi Manajemen - Kelas C,10,27/05/2025,Offline,02.30.00,Penetapan Harga Transfer
4a6f78d8,"Dr. Tuti Dharmawati, SE, M.Si, Ak, QIA, CA, ACPA, CRMP, CMA",Akuntansi Manajemen - Kelas C,11,27/05/2025,Offline,02.30.00,Akuntansi Pertanggungjawaban dan pengukuran Kinerja
b6f2371c,"Dr. Tuti Dharmawati, SE, M.Si, Ak, QIA, CA, ACPA, CRMP, CMA",Akuntansi Manajemen - Kelas C,12,04/06/2025,Offline,02.30.00,Total Quality Management
4f706733,"Dr. Tuti Dharmawati, SE, M.Si, Ak, QIA, CA, ACPA, CRMP, CMA",Akuntansi Manajemen - Kelas C,13,04/06/2025,Offline,02.30.00,Economic value added & residual income
e710a2aa,"Dr. Tuti Dharmawati, SE, M.Si, Ak, QIA, CA, ACPA, CRMP, CMA",Akuntansi Manajemen - Kelas C,14,04/06/2025,Offline,02.30.00,Balanced score card
ab1fa578,"Prof. Dr. H. Arifuddin, SE, M.Si, Ak, CA, ACPA, CTA",AUDITING II - Kelas D,11,14/05/2025,Offline,02.30.00,management audit
10e99f64,"Dr. Tuti Dharmawati, SE, M.Si, Ak, QIA, CA, ACPA, CRMP, CMA",Akuntansi Manajemen - Kelas C,15,18/06/2025,Offline,02.30.00,Sistem Penganggaran Fleksibel dan Support Activity Cost
1bfeeb33,"Prof. Dr. H. Arifuddin, SE, M.Si, Ak, CA, ACPA, CTA",AUDITING II - Kelas D,12,21/05/2025,Offline,02.30.00,internal audit
399d4c5e,"Prof. Dr. H. Arifuddin, SE, M.Si, Ak, CA, ACPA, CTA",AUDITING II - Kelas D,13,28/05/2025,Offline,02.30.00,computer audit
efdb5942,"Prof. Dr. H. Arifuddin, SE, M.Si, Ak, CA, ACPA, CTA",AUDITING II - Kelas D,14,04/06/2025,Offline,02.30.00,audit atas proses right issue
02a1346a,"Prof. Dr. H. Arifuddin, SE, M.Si, Ak, CA, ACPA, CTA",AUDITING II - Kelas D,15,11/06/2025,Offline,02.30.00,jasa-jasa selain audit yang bisa diberikan kantor akuntan publik
903288cc,"Prof. Dr. H. Arifuddin, SE, M.Si, Ak, CA, ACPA, CTA",AUDITING II - Kelas D,16,09/07/2025,Offline,02.30.00,ujian akhir semester
b2bd0221,"Satira Yusuf, SE., M.Si.",Metodologi Penelitian - Kelas C-23,9,29/04/2025,Offline,02.30.00,pendekatan kuantitatif vs pendekatan kualitatif
d205f791,"La Ode Wahidin, S.Pd.,M.Pd.I",AGAMA - Kelas A,1,20/02/2025,Offline,01.45.00,Kontrak Perkuliahan dan Rps
703768b1,"La Ode Wahidin, S.Pd.,M.Pd.I",AGAMA - Kelas A,2,27/02/2025,Offline,01.45.00,Konsep Ketuhanan
88718055,"La Ode Wahidin, S.Pd.,M.Pd.I",AGAMA - Kelas A,3,06/03/2025,Offline,01.45.00,Iman
8b536262,"La Ode Wahidin, S.Pd.,M.Pd.I",AGAMA - Kelas A,4,13/03/2025,Offline,01.45.00,Konsep Manusia dalam Al-Qur'an
497bf443,"La Ode Wahidin, S.Pd.,M.Pd.I",AGAMA - Kelas A,5,20/03/2025,Offline,01.45.00,Aqidah dalam Islam
cc619cad,"La Ode Wahidin, S.Pd.,M.Pd.I",AGAMA - Kelas A,6,10/04/2025,Offline,01.45.00,Ahklak dalam Islam
a4f5580a,"La Ode Wahidin, S.Pd.,M.Pd.I",AGAMA - Kelas A,7,17/04/2025,Offline,01.45.00,Hukum Islam
9fb5b860,"La Ode Wahidin, S.Pd.,M.Pd.I",AGAMA - Kelas A,8,24/04/2025,Offline,01.45.00,Ujian Tengah Semester
84e4d576,"Muamal Gadafi, S.Ag.,M.Pd",AGAMA - Kelas A,9,07/05/2025,Offline,01.45.00,AHLAK TASAWUF
f34e38e2,"Muamal Gadafi, S.Ag.,M.Pd",AGAMA - Kelas A,10,14/05/2025,Offline,01.45.00,IMPEMENTASI AJARAN PENDIDIKAN AGAMA ISLAM
b0d243ad,"Muamal Gadafi, S.Ag.,M.Pd",AGAMA - Kelas A,11,21/05/2025,Offline,01.45.00,Peran Pendidikan Agama Islam di Perguruan Tinggi
92645633,"Muamal Gadafi, S.Ag.,M.Pd",AGAMA - Kelas A,12,28/05/2025,Offline,01.45.00,Sistem Politik Islam
986de469,"Muamal Gadafi, S.Ag.,M.Pd",AGAMA - Kelas A,13,04/06/2025,Offline,01.45.00,Kebudayaan Islam
ad443373,"Muamal Gadafi, S.Ag.,M.Pd",AGAMA - Kelas A,14,11/06/2025,Offline,01.45.00,Kerukunan Antar Umat Beragama
ab4cd9a1,"Muamal Gadafi, S.Ag.,M.Pd",AGAMA - Kelas A,15,18/06/2025,Offline,01.45.00,Demokrasi dalam Islam
0d3042a2,"Muamal Gadafi, S.Ag.,M.Pd",AGAMA - Kelas A,16,25/06/2025,Offline,01.45.00,Ujian Akhir Semester
36b89932,"Ika Maya Sari, SE., M.Si, Ak, CA, CTT, CRA, CRP",AUDITING II - Kelas C,9,19/05/2025,Offline,02.00.00,Modul 1 : Perencanaan Audit (Audit Planning) dan Kuisioner Pengendalian Internal (Internal Control Questioonaire-ICQ).
69cdb065,"Ika Maya Sari, SE., M.Si, Ak, CA, CTT, CRA, CRP",AUDITING II - Kelas C,10,26/05/2025,Offline,02.00.00,Modul 1 : Perencanaan Audit (Audit Planning) dan Kuisioner Pengendalian Internal (Internal Control Questioonaire-ICQ).
bb865df3,"Ika Maya Sari, SE., M.Si, Ak, CA, CTT, CRA, CRP",AUDITING II - Kelas C,11,02/06/2025,Offline,02.00.00,Modul 2 : Pemeriksaan atas Siklus Penjualan dan Penagihan Piutang Usaha
b3e817b2,"Ika Maya Sari, SE., M.Si, Ak, CA, CTT, CRA, CRP",AUDITING II - Kelas C,12,16/06/2025,Offline,02.00.00,Modul 2 : Pemeriksaan atas Siklus Penjualan dan Penagihan Piutang Usaha
3a940a90,"Ika Maya Sari, SE., M.Si, Ak, CA, CTT, CRA, CRP",AUDITING II - Kelas C,13,23/06/2025,Offline,02.00.00,"Modul 3 : Pemeriksaan atas Siklus Persediaan , Pergudangan, dan Pembayaran Utang Usaha"
6f9cd26b,"Ika Maya Sari, SE., M.Si, Ak, CA, CTT, CRA, CRP",AUDITING II - Kelas C,14,30/06/2025,Offline,02.00.00,Modul 4 : Pemeriksaan atas Kas dan Setara Kas
38fe8eaa,"Ika Maya Sari, SE., M.Si, Ak, CA, CTT, CRA, CRP",AUDITING II - Kelas C,15,07/07/2025,Offline,02.00.00,Modul 5 : Pemeriksaan atas Siklus Perolehan dan Pembayaran Beban Dibayar Dimuka
2da14e0f,"Ika Maya Sari, SE., M.Si, Ak, CA, CTT, CRA, CRP",AUDITING II - Kelas C,16,07/07/2025,Offline,02.00.00,Ujian Akhir Semester
b0b91931,"Dr. La Sensu, S.Ag., MH.",Hukum Bisnis dan Perusahaan - Kelas C,9,08/05/2025,Offline,01.30.00,Review Materi dasar Hukum Bisnis
4d247c36,"Dr. La Sensu, S.Ag., MH.",Hukum Bisnis dan Perusahaan - Kelas C,10,12/06/2025,Online,01.30.00,Hak Atas Kekayaan Intelektual
8cab63b0,"Dr. La Sensu, S.Ag., MH.",Hukum Bisnis dan Perusahaan - Kelas C,11,19/06/2025,Online,01.30.00,"ALTERNATIVE DISPUTE RESOLUTION 
SENGKETA BISNIS"
98199a30,"Dr. Tuti Dharmawati, SE, M.Si, Ak, QIA, CA, ACPA, CRMP, CMA",Akuntansi Manajemen - Kelas C,16,17/06/2025,Offline,02.30.00,UAS
f78218a7,"Dr. H. Nasrullah Dali, SE, M.Si, Ak, CA",Audit Kinerja Pemerintah Daerah - Kelas A,1,17/02/2025,Offline,02.30.00,Penyampaian RPS
b2d92e11,"Dr. H. Nasrullah Dali, SE, M.Si, Ak, CA",Audit Kinerja Pemerintah Daerah - Kelas A,2,24/07/2025,Offline,02.30.00,Sektor Publik dan Audit Kinerja
f4a9bde4,"Dr. H. Nasrullah Dali, SE, M.Si, Ak, CA",Audit Kinerja Pemerintah Daerah - Kelas A,2,24/02/2025,Offline,02.30.00,Sektor Publik dan Audit Kinerja
9ce96a5a,"Dr. H. Nasrullah Dali, SE, M.Si, Ak, CA",Audit Kinerja Pemerintah Daerah - Kelas A,3,03/03/2025,Offline,02.30.00,Metodologi Audit Kinerja: Masalah dan Penentuan Area Kunci
21fbc682,"Dr. H. Nasrullah Dali, SE, M.Si, Ak, CA",Audit Kinerja Pemerintah Daerah - Kelas A,4,10/03/2025,Offline,02.30.00,Metodologi Audit Kinerja: Masalah dan Penentuan Area Kunci
04cf2c88,"Dr. H. Nasrullah Dali, SE, M.Si, Ak, CA",Audit Kinerja Pemerintah Daerah - Kelas A,5,17/03/2025,Offline,02.30.00,"Penentuan Tujuan, Pendekatan, Lingkup, dan Kriteria Audit Kinerja"
e38a83e4,"Dr. H. Nasrullah Dali, SE, M.Si, Ak, CA",Audit Kinerja Pemerintah Daerah - Kelas A,6,24/03/2025,Online,02.30.00,"Penentuan Tujuan, Pendekatan, Lingkup, dan Kriteria Audit Kinerja"
5ad26cb5,"Dr. H. Nasrullah Dali, SE, M.Si, Ak, CA",Audit Kinerja Pemerintah Daerah - Kelas A,7,14/04/2025,Offline,02.30.00,Pelaksanaan Audit : Pengumpulan Bukti dan Analisis Data Audit Kinerja
bc89b8de,"Dr. H. Nasrullah Dali, SE, M.Si, Ak, CA",Audit Kinerja Pemerintah Daerah - Kelas A,8,21/04/2025,Offline,01.30.00,Ujian Tengah Semester
17003336,"Dr. H. Nasrullah Dali, SE, M.Si, Ak, CA",Sistem Akuntansi Keuangan Daerah - Kelas A,16,13/06/2025,Online,01.30.00,UJIAN AKHIR SEMESTER
39457017,"Dr. La Ode Bahana Adam, SE., M.Si.",Manajemen Pemasaran - Kelas B,9,04/06/2025,Offline,02.30.00,"Mengenal pemasaran,Konsep pemasaran produk dan jasa dan era perkembanganya"
5c76434d,"Dr. Erwin Hadisantoso, SE, M.Si, Ak, CA, ACPA, Asean CPA",Audit Kinerja Pemerintah Daerah - Kelas C,1,17/02/2025,Offline,01.30.00,Pembahasan kontrak kuliah
857e851d,"Dr. La Ode Bahana Adam, SE., M.Si.",Manajemen Pemasaran - Kelas B,10,11/06/2025,Offline,02.30.00,"-Periklanan Promosi penjualan dan hubungan masyarakat
-Memahami konsep harga dan strategi harga"
12feb8d1,"Dr. Erwin Hadisantoso, SE, M.Si, Ak, CA, ACPA, Asean CPA",Audit Kinerja Pemerintah Daerah - Kelas C,2,24/02/2025,Offline,02.00.00,Sektor Publik dan Audit Kinerja
5158d5fa,"Dr. La Ode Bahana Adam, SE., M.Si.",Manajemen Pemasaran - Kelas B,11,13/06/2025,Offline,02.30.00,Mengelola saluran pemasaran dan rantai pasokan
40b38122,"Dr. Erwin Hadisantoso, SE, M.Si, Ak, CA, ACPA, Asean CPA",Audit Kinerja Pemerintah Daerah - Kelas C,3,03/03/2025,Offline,02.00.00,Metodologi Audit Kinerja: Identifikasi Masalah dan Penentuan Area Kunci
25c2026a,"Dr. La Ode Bahana Adam, SE., M.Si.",Manajemen Pemasaran - Kelas B,12,18/06/2025,Offline,02.30.00,Membangun merek yang kuat
d5158eb0,"Dr. Erwin Hadisantoso, SE, M.Si, Ak, CA, ACPA, Asean CPA",Audit Kinerja Pemerintah Daerah - Kelas C,4,10/03/2025,Offline,02.00.00,"Penentuan Tujuan, Pendekatan, Lingkup, dan Kriteria Audit Kinerja"
cacda174,"Dr. La Ode Bahana Adam, SE., M.Si.",Manajemen Pemasaran - Kelas B,13,20/06/2025,Offline,02.30.00,Menciptakan Posisioning dan Mengidentifikasi riset pemasaran
b8ce0ed9,"Dr. La Ode Bahana Adam, SE., M.Si.",Manajemen Pemasaran - Kelas B,14,25/06/2025,Offline,02.30.00,Komunikasi pemasaran dan pemasaran modern
f68e7c5d,"Dr. La Ode Bahana Adam, SE., M.Si.",Manajemen Pemasaran - Kelas B,15,02/07/2025,Offline,02.30.00,Pemasaran Global dan marketing plan
6a7c9f1f,"Dr. Erwin Hadisantoso, SE, M.Si, Ak, CA, ACPA, Asean CPA",Audit Kinerja Pemerintah Daerah - Kelas C,5,17/03/2025,Offline,02.00.00,Pelaksanaan Audit: Pengumpulan Bukti dan Analisis Data Audit Kinerja
b32b2799,"Dr. La Ode Bahana Adam, SE., M.Si.",Manajemen Pemasaran - Kelas B,16,09/07/2025,Offline,02.30.00,Ujian Akhir Semester
cb93bcd0,"Dr. Erwin Hadisantoso, SE, M.Si, Ak, CA, ACPA, Asean CPA",Audit Kinerja Pemerintah Daerah - Kelas C,6,24/03/2025,Online,02.00.00,Ilustrasi Audit Kinerja
f0a86a37,"Dr. Erwin Hadisantoso, SE, M.Si, Ak, CA, ACPA, Asean CPA",Audit Kinerja Pemerintah Daerah - Kelas C,7,14/04/2025,Offline,02.00.00,Pelaporan Audit Kinerja
fe7b2fa8,"Dr. Erwin Hadisantoso, SE, M.Si, Ak, CA, ACPA, Asean CPA",Audit Kinerja Pemerintah Daerah - Kelas C,8,19/04/2025,Offline,02.00.00,Ujian Tengah Semester
bf817659,"Wa Ode Aswati, S.E., M.Si., CRP",Manajemen Strategi - Kelas A,2,26/02/2025,Offline,01.30.00,Perkenalan
7ba64eb7,"Wa Ode Aswati, S.E., M.Si., CRP",Manajemen Strategi - Kelas A,3,05/03/2025,Offline,02.00.00,Pengertian dan ruang lingkup manajemen strategi
a95b6449,"Wa Ode Aswati, S.E., M.Si., CRP",Manajemen Strategi - Kelas A,4,19/03/2025,Online,02.00.00,"Visi, Misi, Nilai Nilai dan Tujuan Perusahaan"
10c99d04,"Wa Ode Aswati, S.E., M.Si., CRP",Manajemen Strategi - Kelas A,5,09/04/2025,Offline,01.30.00,Analisis Lingkungan Eksternal
b472138f,"Wa Ode Aswati, S.E., M.Si., CRP",Manajemen Strategi - Kelas A,6,12/04/2025,Online,02.00.00,Presentasikan tugas materi bab 4 analisis lingkungan eksternal
0734c71e,"Wa Ode Aswati, S.E., M.Si., CRP",Manajemen Strategi - Kelas A,7,14/04/2025,Online,02.00.00,Analisis Internal Perusahaan
fe27f61a,"Prof. Dr. H. Andi Basru Wawo, SE, M.Si, Ak, CA",Manajemen Strategi - Kelas A,8,15/04/2025,Offline,02.00.00,Pengenalan materi Analisis Swot
6a144f71,"Prof. Dr. H. Andi Basru Wawo, SE, M.Si, Ak, CA",Manajemen Strategi - Kelas A,9,30/04/2025,Offline,02.00.00,membahas tugas materi analisis swot
6673bddc,"Wa Ode Aswati, S.E., M.Si., CRP",Manajemen Strategi - Kelas A,10,30/07/2025,Offline,02.00.00,UTS
b8450747,"Prof. Dr. H. Andi Basru Wawo, SE, M.Si, Ak, CA",Manajemen Strategi - Kelas A,11,14/05/2025,Offline,02.00.00,Materi analisis Swot kelemahan dan kekuatan
109b694f,"Prof. Dr. H. Andi Basru Wawo, SE, M.Si, Ak, CA",Manajemen Strategi - Kelas A,12,28/05/2025,Offline,02.00.00,membahas pemetaan strategi dan analisis swot
290869eb,"Prof. Dr. H. Andi Basru Wawo, SE, M.Si, Ak, CA",Manajemen Strategi - Kelas A,13,04/06/2025,Offline,01.00.00,membahas analisis SPACE
ba889db2,"Prof. Dr. H. Andi Basru Wawo, SE, M.Si, Ak, CA",Manajemen Strategi - Kelas A,14,11/06/2025,Offline,01.00.00,pembahasan materi awal analisis swot sampai SPACE
a9ddf597,"Prof. Dr. H. Andi Basru Wawo, SE, M.Si, Ak, CA",Manajemen Strategi - Kelas A,15,18/06/2025,Offline,02.00.00,UTS
8ba06cb1,"Prof. Dr. H. Ishak Awaluddin, SE, M.Si, Ak, CA, Asean CPA, ACPA, CTA, CPA",AUDITING II - Kelas E,10,05/05/2025,Offline,02.00.00,Management Audit
90c3471d,"Prof. Dr. H. Ishak Awaluddin, SE, M.Si, Ak, CA, Asean CPA, ACPA, CTA, CPA",AUDITING II - Kelas E,11,26/05/2025,Offline,02.00.00,Internal Audit
27234aae,"Prof. Dr. H. Ishak Awaluddin, SE, M.Si, Ak, CA, Asean CPA, ACPA, CTA, CPA",AUDITING II - Kelas E,12,02/06/2025,Offline,02.00.00,Computer Audit
36d443f3,"Prof. Dr. H. Ishak Awaluddin, SE, M.Si, Ak, CA, Asean CPA, ACPA, CTA, CPA",AUDITING II - Kelas E,13,12/06/2025,Offline,02.00.00,Audit Atas Progress Right Issue
5bb69ccc,"Prof. Dr. H. Ishak Awaluddin, SE, M.Si, Ak, CA, Asean CPA, ACPA, CTA, CPA",AUDITING II - Kelas E,14,13/06/2025,Offline,02.00.00,Jasa-Jasa Selain Audit Yang Bisa Diberikan Kantor Akuntan Publik
98657d27,"Prof. Dr. H. Ishak Awaluddin, SE, M.Si, Ak, CA, Asean CPA, ACPA, CTA, CPA",AUDITING II - Kelas E,15,16/06/2025,Offline,02.00.00,Beberapa Hal Penting Dalam Audit Perusahaan Asuransi
f0ab2d92,"Prof. Dr. H. Ishak Awaluddin, SE, M.Si, Ak, CA, Asean CPA, ACPA, CTA, CPA",AUDITING II - Kelas E,9,28/04/2025,Offline,02.00.00,Pembagian Kelompok
4f89abff,"Prof. Dr. H. Ishak Awaluddin, SE, M.Si, Ak, CA, Asean CPA, ACPA, CTA, CPA",AUDITING II - Kelas E,16,26/06/2025,Offline,01.30.00,UAS
3588bd05,"Wa Ode Aswati, S.E., M.Si., CRP",Akuntansi Sektor Publik - Kelas D,8,05/05/2025,Offline,02.00.00,UTS
52538506,"Si Made Ngurah Purnaman, S.Ak, M.Ak",Akuntansi Sektor Publik - Kelas D,9,15/04/2025,Offline,02.00.00,Metode Pembelajaran & Pembagian Kelompok
ff2016a9,"Si Made Ngurah Purnaman, S.Ak, M.Ak",Akuntansi Sektor Publik - Kelas D,10,29/04/2025,Offline,02.00.00,Akuntansi Berbasis Akrual
f37c6f9b,"Si Made Ngurah Purnaman, S.Ak, M.Ak",Akuntansi Sektor Publik - Kelas D,11,06/05/2025,Offline,02.00.00,Bidang Keuangan Negara dalam mata kuliah eksistensi di FEB UHO
fca7db40,"Si Made Ngurah Purnaman, S.Ak, M.Ak",Akuntansi Sektor Publik - Kelas D,12,20/05/2025,Offline,02.00.00,Sistem Akuntansi Pemerintah Pusat
fb0adfe0,"Si Made Ngurah Purnaman, S.Ak, M.Ak",Akuntansi Sektor Publik - Kelas D,13,27/05/2025,Offline,02.00.00,Manfaat Laporan Keuangan Pemerintah
15978019,"Si Made Ngurah Purnaman, S.Ak, M.Ak",Akuntansi Sektor Publik - Kelas D,14,10/06/2025,Offline,02.00.00,Rasio keuangan daerah
0726e24a,"Si Made Ngurah Purnaman, S.Ak, M.Ak",Akuntansi Sektor Publik - Kelas D,15,17/06/2025,Offline,02.00.00,Rasio Keuangan Daerah
703ee1a9,"Si Made Ngurah Purnaman, S.Ak, M.Ak",Akuntansi Sektor Publik - Kelas D,16,04/07/2025,Offline,02.00.00,UAS
b9227b16,"Yuli Lestari Labangu, S.E., M.Sc.",Sistem Akuntansi Keuangan Daerah - Kelas B,1,21/02/2025,Offline,02.30.00,Karakteristik Akuntansi Keuangan Daerah
65ebd895,"Dr. Muntu Abdullah, SE, M.Si, Ak, CA, ACPA",Akuntansi Keuangan Lanjutan II - Kelas C,14,16/06/2025,Offline,02.30.00,laporan keuangan konsolidasi-perhitungan rugi laba dan laba yang ditahan
0bbd0512,"Dr. Muntu Abdullah, SE, M.Si, Ak, CA, ACPA",Akuntansi Keuangan Lanjutan II - Kelas C,15,20/06/2025,Offline,02.30.00,laporan keuangan konsolidasi-perhitungan rugi laba dan laba yang ditahan
e6273279,"Yuli Lestari Labangu, S.E., M.Sc.",Sistem Akuntansi Keuangan Daerah - Kelas B,2,28/02/2025,Offline,02.30.00,Konsep dan Siklus Akuntansi
0dc8e378,"Dr. Muntu Abdullah, SE, M.Si, Ak, CA, ACPA",Akuntansi Keuangan Lanjutan II - Kelas C,16,26/06/2025,Online,02.30.00,Ujian Akhir Semester
aa80169b,"Yuli Lestari Labangu, S.E., M.Sc.",Sistem Akuntansi Keuangan Daerah - Kelas B,3,07/03/2025,Offline,02.30.00,Pelaporan Keuangan Pemerintah Daerah
82bdc1a3,"Yuli Lestari Labangu, S.E., M.Sc.",Sistem Akuntansi Keuangan Daerah - Kelas B,4,14/02/2025,Offline,02.30.00,Gambaran Umum Sistem Akuntansi Pemerintah Daerah
292f2a1e,"Yuli Lestari Labangu, S.E., M.Sc.",Sistem Akuntansi Keuangan Daerah - Kelas B,5,21/03/2025,Offline,02.30.00,Kebijakan Sistem Akuntansi Keuangan Daerah
4d87d4d7,"Fitriaman, SE., MSA, Ak, CSRS, CSRA, CRA, CIISA",Metodologi Penelitian - Kelas C-22,9,24/04/2025,Offline,02.30.00,Review Materi
d378202e,"Yuli Lestari Labangu, S.E., M.Sc.",Sistem Akuntansi Keuangan Daerah - Kelas B,6,11/04/2025,Offline,02.30.00,Prosedur Sistem Akuntansi keuangan daerah
52aaa805,"Yuli Lestari Labangu, S.E., M.Sc.",Sistem Akuntansi Keuangan Daerah - Kelas B,7,21/04/2025,Offline,02.30.00,Sistem Akuntansi SKPD
26372d70,"Yuli Lestari Labangu, S.E., M.Sc.",Sistem Akuntansi Keuangan Daerah - Kelas B,8,25/04/2025,Offline,02.30.00,UTS
39fc7aa9,"Fitriaman, SE., MSA, Ak, CSRS, CSRA, CRA, CIISA",Metodologi Penelitian - Kelas C-22,10,08/05/2025,Offline,02.30.00,Hakikat Penelitian Kualitatif
ce9da5c2,"Fitriaman, SE., MSA, Ak, CSRS, CSRA, CRA, CIISA",Metodologi Penelitian - Kelas C-22,11,15/05/2025,Offline,02.30.00,Konsep Dasar Fenomenologi
57577173,"Dr. Intihanah, SE, M.Si, QIA",Sistem Pengendalian Manajemen - Kelas B,1,18/02/2025,Offline,02.30.00,Pemberian RPS dan Penyampaian metode Pembelajaran
6dbab3bf,"Fitriaman, SE., MSA, Ak, CSRS, CSRA, CRA, CIISA",Metodologi Penelitian - Kelas C-22,12,22/05/2025,Offline,02.30.00,Paradigma Metodologi Penelitian
553c50ea,"Dr. Intihanah, SE, M.Si, QIA",Sistem Pengendalian Manajemen - Kelas B,2,25/02/2025,Offline,02.30.00,Pengambilan Keputusan Dan Perilaku Organisasi
dcc343c5,"Dr. Intihanah, SE, M.Si, QIA",Sistem Pengendalian Manajemen - Kelas B,3,04/03/2025,Offline,02.30.00,Pusat Pertanggung Jawaban - Pusat Biaya
9ca5dc01,"Fitriaman, SE., MSA, Ak, CSRS, CSRA, CRA, CIISA",Metodologi Penelitian - Kelas C-22,13,22/05/2025,Offline,02.30.00,Perspektif Sosiologis Riset Kualitatif
93e7e30e,"Dr. Intihanah, SE, M.Si, QIA",Sistem Pengendalian Manajemen - Kelas B,4,11/03/2025,Offline,02.30.00,Pusat Pertanggung Jawaban  Pusat Laba
d177b495,"Fitriaman, SE., MSA, Ak, CSRS, CSRA, CRA, CIISA",Metodologi Penelitian - Kelas C-22,14,12/06/2025,Offline,02.30.00,Fenomena Riset Kualitatif
0f1430cc,"Fitriaman, SE., MSA, Ak, CSRS, CSRA, CRA, CIISA",Metodologi Penelitian - Kelas C-22,15,19/06/2025,Offline,02.30.00,Teknik Penelitian Kualitatif
e714e9f0,"Dr. Intihanah, SE, M.Si, QIA",Sistem Pengendalian Manajemen - Kelas B,5,18/03/2025,Offline,02.30.00,Pusat Pertanggung Jawaban  Pusat Anggaran
341d6dfb,"Fitriaman, SE., MSA, Ak, CSRS, CSRA, CRA, CIISA",Metodologi Penelitian - Kelas C-22,16,26/06/2025,Online,02.30.00,Ujian Akhir Semester
0092dec9,"Dr. Intihanah, SE, M.Si, QIA",Sistem Pengendalian Manajemen - Kelas B,6,25/03/2025,Offline,02.30.00,Pusat Pertanggung Jawaban  Pusat Pendapatan
bfa369a6,"Dr. Intihanah, SE, M.Si, QIA",Sistem Pengendalian Manajemen - Kelas B,7,08/04/2025,Offline,02.30.00,Strategi Dan Analisis Laporan Keuangan
de8a8989,"Dr. Intihanah, SE, M.Si, QIA",Sistem Pengendalian Manajemen - Kelas B,8,15/04/2025,Offline,02.30.00,UTS
fc0309b4,"Syaiah, SE. M.Si",Sistem Pengendalian Manajemen - Kelas B,9,22/04/2025,Offline,02.30.00,Perencanaan Strategi
9ed4fd6a,"Syaiah, SE. M.Si",Sistem Pengendalian Manajemen - Kelas B,10,29/04/2025,Offline,02.30.00,Penyusunan Anggaran
7782b04f,"Syaiah, SE. M.Si",Sistem Pengendalian Manajemen - Kelas B,11,06/05/2025,Offline,02.30.00,Analisis Laporan Kinerja Keuangan
20caa1a3,"Syaiah, SE. M.Si",Sistem Pengendalian Manajemen - Kelas B,12,20/05/2025,Offline,02.30.00,Pengukuran Kinerja
2b966a4b,"Syaiah, SE. M.Si",Sistem Pengendalian Manajemen - Kelas B,13,27/05/2025,Offline,02.30.00,Kompensasi Manajemen
96ef39f8,"Syaiah, SE. M.Si",Sistem Pengendalian Manajemen - Kelas B,14,03/06/2025,Offline,02.30.00,Organisasi Jasa dan Multinasional
8466020c,"Syaiah, SE. M.Si",Sistem Pengendalian Manajemen - Kelas B,15,10/06/2025,Offline,02.30.00,Pengendalian Manajemen Pada Proyek
63a03032,"Syaiah, SE. M.Si",Sistem Pengendalian Manajemen - Kelas B,16,17/06/2025,Offline,02.30.00,UAS
71541537,"Dr. Mulyati Akib, SE, M.Si, Ak, CA, CTA, CPA",Analisa Laporan Keuangan - Kelas A,1,19/02/2025,Offline,01.30.00,Perkenalan
140ad63b,"Dr. Mulyati Akib, SE, M.Si, Ak, CA, CTA, CPA",Analisa Laporan Keuangan - Kelas A,2,26/02/2025,Offline,02.30.00,Laporan Keuangan
3eaae0e3,"Dr. Mulyati Akib, SE, M.Si, Ak, CA, CTA, CPA",Analisa Laporan Keuangan - Kelas A,3,05/03/2025,Offline,02.30.00,Jenis dan Komponen Laporan Keuangan
c455671b,"Dr. Mulyati Akib, SE, M.Si, Ak, CA, CTA, CPA",Analisa Laporan Keuangan - Kelas A,4,12/03/2025,Offline,02.30.00,Analisis Laporan Keuangan
59ab3b17,"Dr. Mulyati Akib, SE, M.Si, Ak, CA, CTA, CPA",Analisa Laporan Keuangan - Kelas A,5,19/03/2025,Offline,02.30.00,Analisis Rasio
3aaa804c,"Dr. Mulyati Akib, SE, M.Si, Ak, CA, CTA, CPA",Analisa Laporan Keuangan - Kelas A,6,09/04/2025,Offline,02.30.00,UTS
a0940d70,"Dr. Mulyati Akib, SE, M.Si, Ak, CA, CTA, CPA",Analisa Laporan Keuangan - Kelas A,7,16/04/2025,Offline,02.30.00,Rasio Profitabilitas
01e15eb3,"Dr. Mulyati Akib, SE, M.Si, Ak, CA, CTA, CPA",Analisa Laporan Keuangan - Kelas A,8,23/04/2025,Offline,02.30.00,Rasio Keuangan Bank
d9c614dc,"Dr. Mulyati Akib, SE, M.Si, Ak, CA, CTA, CPA",Analisa Laporan Keuangan - Kelas A,9,30/04/2025,Offline,02.30.00,Analisis Sumber dan Penggunaan Modal Kerja
e75af4e1,"Dr. Mulyati Akib, SE, M.Si, Ak, CA, CTA, CPA",Analisa Laporan Keuangan - Kelas A,10,07/05/2025,Offline,02.30.00,Analisis Perkreditan
bcc64d13,"Dr. Mulyati Akib, SE, M.Si, Ak, CA, CTA, CPA",Analisa Laporan Keuangan - Kelas A,11,14/05/2025,Offline,02.30.00,Analisis Laba Kotor
11227288,"Dr. Mulyati Akib, SE, M.Si, Ak, CA, CTA, CPA",Analisa Laporan Keuangan - Kelas A,12,21/05/2025,Offline,02.30.00,Analisis Titik Impas
8bd5249e,"Dr. Mulyati Akib, SE, M.Si, Ak, CA, CTA, CPA",Analisa Laporan Keuangan - Kelas A,13,28/05/2025,Offline,02.30.00,UAS
51e6fb99,"Satira Yusuf, SE., M.Si.",Metodologi Penelitian - Kelas C-23,10,06/05/2025,Offline,02.30.00,tujuan penelitian kuantitatif vs kualitatif: generalisasi vs kontekstualisasi
e170575f,"Satira Yusuf, SE., M.Si.",Metodologi Penelitian - Kelas C-23,11,13/05/2025,Offline,02.30.00,paradigma penelitian dan rumusan masalah kuantitatif vs kualitatif
738c60f6,"Satira Yusuf, SE., M.Si.",Metodologi Penelitian - Kelas C-23,12,20/05/2025,Offline,02.30.00,koleksi data dan panduan wawancara penelitian kualitatif
7d46f79b,"Satira Yusuf, SE., M.Si.",Metodologi Penelitian - Kelas C-23,13,27/05/2025,Offline,02.30.00,dasar analisis penelitian kualitatif
31987ec4,"Satira Yusuf, SE., M.Si.",Metodologi Penelitian - Kelas C-23,14,03/06/2025,Offline,02.30.00,penyajian metode penelitian kualitatif
b888b0aa,"Satira Yusuf, SE., M.Si.",Metodologi Penelitian - Kelas C-23,15,10/06/2025,Offline,02.30.00,penyajian hasil dan pembahasan
2428476c,"Satira Yusuf, SE., M.Si.",Metodologi Penelitian - Kelas C-23,16,08/07/2025,Offline,02.30.00,ujian akhir semester
d715b935,"Prof. Dr. H. Andi Basru Wawo, SE, M.Si, Ak, CA",Perpajakan II - Kelas D,9,01/05/2025,Offline,02.30.00,perhitungan pph pasal 21 untuk pegawai tetap
0e23b3e3,"Prof. Dr. H. Andi Basru Wawo, SE, M.Si, Ak, CA",Perpajakan II - Kelas D,10,08/05/2025,Offline,02.30.00,perhitungan pph pasal 21 untuk pegawai tidak tetap
aafd9ecc,"Prof. Dr. H. Andi Basru Wawo, SE, M.Si, Ak, CA",Perpajakan II - Kelas D,11,15/05/2025,Offline,02.30.00,perhitungan yang tidak dihitung atas jumlah hari kerja
f5efe1e2,"Prof. Dr. H. Andi Basru Wawo, SE, M.Si, Ak, CA",Perpajakan II - Kelas D,12,22/05/2025,Offline,02.30.00,pajak bumi dan bangunan
5d207d58,"Prof. Dr. H. Andi Basru Wawo, SE, M.Si, Ak, CA",Perpajakan II - Kelas D,13,29/05/2025,Offline,02.30.00,tambahan materi pajak bumi dan bangunan
700050ef,"Prof. Dr. H. Andi Basru Wawo, SE, M.Si, Ak, CA",Perpajakan II - Kelas D,14,05/06/2025,Offline,02.30.00,koreksi fiskal
1569872d,"Prof. Dr. H. Andi Basru Wawo, SE, M.Si, Ak, CA",Perpajakan II - Kelas D,15,12/06/2025,Offline,02.30.00,tambahan materi koreksi fiskal
8bc1a82d,"Prof. Dr. H. Andi Basru Wawo, SE, M.Si, Ak, CA",Perpajakan II - Kelas D,16,10/07/2025,Offline,02.30.00,ujian akhir semester
ac569e1b,"La Ode Muhammad Arfan Samrin, S.E, M.Ak",Analisa Laporan Keuangan - Kelas B,1,17/02/2025,Offline,02.30.00,Pemberian dan penyampaian RPS serta metode pembelajaran
ce780f0c,"La Ode Muhammad Arfan Samrin, S.E, M.Ak",Analisa Laporan Keuangan - Kelas B,2,24/02/2025,Offline,02.30.00,"Tinjauan Analisis Laporan
Keuangan"
2bd2db63,"La Ode Muhammad Arfan Samrin, S.E, M.Ak",Analisa Laporan Keuangan - Kelas B,3,03/03/2025,Offline,02.30.00,"Tinjauan Analisis Laporan
Keuangan"
339bcaef,"La Ode Muhammad Arfan Samrin, S.E, M.Ak",Analisa Laporan Keuangan - Kelas B,4,10/03/2025,Offline,02.30.00,"Pelaporan dan Analisis
Keuangan"
08ce0d7b,"La Ode Muhammad Arfan Samrin, S.E, M.Ak",Analisa Laporan Keuangan - Kelas B,5,17/03/2025,Offline,02.30.00,"Pelaporan dan Analisis
Keuangan"
6ca411f2,"La Ode Muhammad Arfan Samrin, S.E, M.Ak",Analisa Laporan Keuangan - Kelas B,6,24/03/2025,Offline,02.30.00,"Pelaporan dan Analisis
Keuangan"
3715016b,"La Ode Muhammad Arfan Samrin, S.E, M.Ak",Analisa Laporan Keuangan - Kelas B,7,14/04/2025,Offline,02.30.00,"Analisis Aktivitas
Pendanaan"
511cd997,"La Ode Muhammad Arfan Samrin, S.E, M.Ak",Analisa Laporan Keuangan - Kelas B,8,21/04/2025,Offline,02.30.00,UTS
a609428e,"Andi Muhammad Fuad Ramadhan Basru, S.E., M.Acc., Ak",Analisa Laporan Keuangan - Kelas B,9,28/04/2025,Offline,02.30.00,"Analisis Aktivitas
Pendanaan"
5607f8de,"Andi Muhammad Fuad Ramadhan Basru, S.E., M.Acc., Ak",Analisa Laporan Keuangan - Kelas B,10,05/05/2025,Offline,02.30.00,Analisis Aktivitas Investasi
4201ae5c,"Andi Muhammad Fuad Ramadhan Basru, S.E., M.Acc., Ak",Analisa Laporan Keuangan - Kelas B,11,19/05/2025,Offline,02.30.00,Analisis Aktivitas Investasi
13d6b42a,"Andi Muhammad Fuad Ramadhan Basru, S.E., M.Acc., Ak",Analisa Laporan Keuangan - Kelas B,12,26/05/2025,Offline,02.30.00,"Analisis
Aktivitas Investasi ;
Investasi Antarperusahaan"
10f1cea4,"Andi Muhammad Fuad Ramadhan Basru, S.E., M.Acc., Ak",Analisa Laporan Keuangan - Kelas B,13,02/06/2025,Offline,02.30.00,"Analisis
Aktivitas Investasi ;
Investasi Antarperusahaan"
a02a00a6,"Andi Muhammad Fuad Ramadhan Basru, S.E., M.Acc., Ak",Analisa Laporan Keuangan - Kelas B,14,16/06/2025,Offline,02.30.00,"Analisis
Aktivitas Operasi"
fc746fa4,"Andi Muhammad Fuad Ramadhan Basru, S.E., M.Acc., Ak",Analisa Laporan Keuangan - Kelas B,15,23/06/2025,Offline,02.30.00,Analisis Aktivitas Operasi
aecd737f,"Andi Muhammad Fuad Ramadhan Basru, S.E., M.Acc., Ak",Analisa Laporan Keuangan - Kelas B,16,30/06/2025,Offline,02.30.00,UAS
3f096a6c,"Andi Muhammad Fuad Ramadhan Basru, S.E., M.Acc., Ak",Akuntansi Keuangan Lanjutan II - Kelas B,1,20/02/2025,Offline,02.30.00,Penyampaian dan pemberian RPS serta metode pembelajaran
b3a5d033,"Andi Muhammad Fuad Ramadhan Basru, S.E., M.Acc., Ak",Akuntansi Keuangan Lanjutan II - Kelas B,2,27/02/2025,Offline,02.30.00,"Pengantar Kombinasi Usaha, Terkhusus Pada Akuisisi"
f74c485a,"Andi Muhammad Fuad Ramadhan Basru, S.E., M.Acc., Ak",Akuntansi Keuangan Lanjutan II - Kelas B,3,06/03/2025,Offline,02.30.00,"Metode Pencatatan Investasi, Metode Ekuitas, Metode Biaya/Nilai Wajar"
de2c64a7,"Andi Muhammad Fuad Ramadhan Basru, S.E., M.Acc., Ak",Akuntansi Keuangan Lanjutan II - Kelas B,4,13/03/2025,Offline,02.30.00,"Metode Pencatatan Investasi, Metode Ekuitas, Metode Biaya/Nilai Wajar"
a2eb45ed,"Andi Muhammad Fuad Ramadhan Basru, S.E., M.Acc., Ak",Akuntansi Keuangan Lanjutan II - Kelas B,5,20/03/2025,Offline,02.30.00,Pengantar Laporan Keuangan Konsolidasi
1cba51fd,"Andi Muhammad Fuad Ramadhan Basru, S.E., M.Acc., Ak",Akuntansi Keuangan Lanjutan II - Kelas B,6,27/03/2025,Offline,02.30.00,"Kepemilikan Penuh sama Dengan Nilai Buku, Diatas Nilai Buku, dan Kurang dari nilai buku"
d5000d03,"Andi Muhammad Fuad Ramadhan Basru, S.E., M.Acc., Ak",Akuntansi Keuangan Lanjutan II - Kelas B,7,10/04/2025,Offline,02.30.00,Transfer Aset Tidak Lancar
fcdb0eab,"Andi Muhammad Fuad Ramadhan Basru, S.E., M.Acc., Ak",Akuntansi Keuangan Lanjutan II - Kelas B,8,24/04/2025,Offline,02.30.00,UTS
8880349d,"Vina Olivia Pebrianti, SE. ME",Akuntansi Sektor Publik - Kelas C,12,20/05/2025,Offline,02.30.00,Pengukuran kinerja sektor publik
ba134f64,"Vina Olivia Pebrianti, SE. ME",Akuntansi Sektor Publik - Kelas C,13,27/05/2025,Offline,02.30.00,Analisa laporan keuangan
95f976c1,"Vina Olivia Pebrianti, SE. ME",Akuntansi Sektor Publik - Kelas C,14,03/06/2025,Offline,02.30.00,Perencanaan strategis dalam sektor publik
cd77bd68,"Vina Olivia Pebrianti, SE. ME",Akuntansi Sektor Publik - Kelas C,15,10/06/2025,Offline,02.30.00,Akuntansi untuk organisasi nirlaba
b8494f9a,"Vina Olivia Pebrianti, SE. ME",Akuntansi Sektor Publik - Kelas C,16,17/06/2025,Offline,02.30.00,Ujian akhir semester
23da4d8c,"Satira Yusuf, SE., M.Si.",Sistem Pengendalian Manajemen - Kelas C,9,30/04/2025,Offline,02.30.00,Perencanaan strategis
856a1c36,"Satira Yusuf, SE., M.Si.",Sistem Pengendalian Manajemen - Kelas C,10,07/05/2025,Offline,02.30.00,Penyusunan anggaran
ae39636c,"Satira Yusuf, SE., M.Si.",Sistem Pengendalian Manajemen - Kelas C,11,14/05/2025,Offline,02.30.00,Analisis laporan kinerja keuangan
79e946a9,"Satira Yusuf, SE., M.Si.",Sistem Pengendalian Manajemen - Kelas C,12,21/05/2025,Offline,02.30.00,Ukuran kinerja
0c09d77d,"Satira Yusuf, SE., M.Si.",Sistem Pengendalian Manajemen - Kelas C,13,28/05/2025,Offline,02.30.00,Kompensasi manajemen
0e6c165d,"Satira Yusuf, SE., M.Si.",Sistem Pengendalian Manajemen - Kelas C,14,04/06/2025,Online,02.30.00,Pengendalian atas strategis yang terdiferensiasi
f418d800,"Satira Yusuf, SE., M.Si.",Sistem Pengendalian Manajemen - Kelas C,15,11/06/2025,Online,02.30.00,Organisasi jasa
f1c7c8bc,"Satira Yusuf, SE., M.Si.",Sistem Pengendalian Manajemen - Kelas C,16,18/06/2025,Offline,02.30.00,Organisasi multinasional
e3e55d91,"Satira Yusuf, SE., M.Si.",Sistem Pengendalian Manajemen - Kelas C,17,27/06/2025,Online,02.30.00,Pengendalian manajemen proyek
72429d43,"Satira Yusuf, SE., M.Si.",Sistem Pengendalian Manajemen - Kelas C,18,02/07/2025,Offline,02.30.00,Ujian akhir semester
17f526a2,"Wa Ode Aswati, S.E., M.Si., CRP",Akuntansi Manajemen - Kelas D,12,21/05/2025,Offline,02.00.00,Total Quality Management (TQM)
f8be61b6,"Wa Ode Aswati, S.E., M.Si., CRP",Akuntansi Manajemen - Kelas D,13,28/05/2025,Offline,02.00.00,Total Quality Servis (TQS)
a4539d9e,"Wa Ode Aswati, S.E., M.Si., CRP",Akuntansi Manajemen - Kelas D,14,04/06/2025,Offline,02.00.00,Balanced Scorecard
b90508a6,"Wa Ode Aswati, S.E., M.Si., CRP",Akuntansi Manajemen - Kelas D,15,11/06/2025,Offline,02.00.00,EVA ( Economy Value Added)
5e4325fb,"Wa Ode Aswati, S.E., M.Si., CRP",Akuntansi Manajemen - Kelas D,16,01/07/2025,Offline,02.00.00,UAS
2840dbd8,"La Ode Muhammad Arfan Samrin, S.E, M.Ak",Hukum Bisnis dan Perusahaan - Kelas D,9,02/05/2025,Offline,02.00.00,Transaksi perdagangan melalui elektronik (e-commerce)
78d93d39,"La Ode Muhammad Arfan Samrin, S.E, M.Ak",Hukum Bisnis dan Perusahaan - Kelas D,10,09/05/2025,Offline,02.00.00,Perlindungan konsumen
4e0d0562,"La Ode Muhammad Arfan Samrin, S.E, M.Ak",Hukum Bisnis dan Perusahaan - Kelas D,11,16/05/2025,Offline,02.00.00,Hukum asuransi
5255eb35,"La Ode Muhammad Arfan Samrin, S.E, M.Ak",Hukum Bisnis dan Perusahaan - Kelas D,12,23/05/2025,Online,02.00.00,Hukum jaminan
f39fd7a6,"La Ode Muhammad Arfan Samrin, S.E, M.Ak",Hukum Bisnis dan Perusahaan - Kelas D,13,13/06/2025,Online,02.00.00,Hukum ketenagakerjaan
eba12733,"La Ode Muhammad Arfan Samrin, S.E, M.Ak",Hukum Bisnis dan Perusahaan - Kelas D,14,20/06/2025,Offline,02.00.00,Restrukturisasi perusahaan
682269c8,"La Ode Muhammad Arfan Samrin, S.E, M.Ak",Hukum Bisnis dan Perusahaan - Kelas D,15,27/06/2025,Online,02.00.00,Penyelesaian sengketa bisnis
f35cc7c2,"La Ode Muhammad Arfan Samrin, S.E, M.Ak",Hukum Bisnis dan Perusahaan - Kelas D,16,04/07/2025,Offline,02.00.00,Ujian Akhir Semester (UAS)